year,week,county,aqi,so2,co,o3,pm10,pm25,no2,no,nox,auri_visits,ili_visits,opna_visits,temp_c,rh_pct,pop_cnt
2024,1,南投縣,76.72854291,1.081818182,0.403454545,27.52975709,39.4989899,,,,,13095,1955,940,18.38802395,75.70459082,472299
2024,1,嘉義市,92.1497006,2.172891566,0.469457831,32.01746988,57.27878788,,,,,8563,1402,428,19.14670659,70.25748503,262177
2024,1,嘉義縣,97.3502994,2.140483384,0.386042296,36.96706949,61.03915663,,,,,14099,1162,484,18.4511976,74.0239521,478786
2024,1,基隆市,66.05988024,1.718867925,0.444969697,31.42743902,34.77108434,,,,,9532,1417,719,16.97065868,76.80239521,361441
2024,1,宜蘭縣,51.7005988,0.808206687,0.323806647,33.41009174,32.0308642,,,,,14810,3215,1599,17.82065868,74.71257485,449212
2024,1,屏東縣,71.75329341,1.340556901,0.357850242,39.07898551,42.81884058,,,,,21797,3256,1460,21.13113772,68.33033932,789239
2024,1,彰化縣,80.1748503,1.705939394,0.413224638,35.69549878,53.99154589,,,,,35164,5073,2242,18.61032934,74.98502994,1225675
2024,1,新北市,67.64670659,1.056641721,0.483348881,32.24151473,40.04408353,,,,,134513,21236,5889,17.57723644,71.82035928,4047001
2024,1,新竹市,72.68263473,1.490963855,0.419518072,34.16084337,36.4939759,,,,,11628,4469,1426,17.81137725,78.14371257,457242
2024,1,新竹縣,73.8502994,1.02030303,0.361144578,33.85873494,37.85240964,,,,,20078,3687,1225,16.80898204,77.01497006,594641
2024,1,桃園市,76.05289421,1.572076613,0.493718593,31.52852823,44.33939394,,,,,63882,12009,3608,16.96075848,74.17964072,2338648
2024,1,澎湖縣,63.01197605,0.808433735,0.311445783,53.36927711,31.4939759,,,,,2692,124,79,19.34491018,71.32335329,107901
2024,1,臺中市,75.4011976,1.355342742,0.402957746,33.97795753,40.68277946,,,,,84602,19788,9951,18.40778443,72.41137725,2860601
2024,1,臺北市,68.18648417,1.160958296,0.494407952,30.97752809,36.8112069,,,,,72344,13225,5048,16.77165669,71.34559453,2490869
2024,1,臺南市,97.88263473,1.663713592,0.424506024,34.01908213,61.43855422,,,,,45432,9237,4996,19.25508982,73.14520958,1858651
2024,1,臺東縣,37.71556886,0.673148148,0.280392749,32.64864048,22.78549849,,,,,6141,1222,429,19.38592814,69.09580838,210219
2024,1,花蓮縣,46.48502994,0.685365854,0.330060606,34.64909091,23.25454545,,,,,7184,1235,635,19.23113772,69.59638554,315374
2024,1,苗栗縣,63.64471058,1.675456389,0.353016194,35.59185336,36.72782258,,,,,17345,2133,820,16.76506986,76.48902196,532854
2024,1,連江縣,101.8083832,1.75,0.47439759,49.36084337,59.77710843,,,,,74,24,12,13.64730539,65.10179641,13950
2024,1,金門縣,115.6047904,2.373939394,0.485333333,44.90963855,68.77108434,,,,,3016,201,65,15.94371257,64.34131737,143601
2024,1,雲林縣,89.83233533,1.5903177,0.397386707,37.76480363,57.80757576,,,,,21549,2091,1274,18.5752994,76.44610778,658427
2024,1,高雄市,93.79041916,1.745186916,0.505776224,32.07281644,59.24500232,,,,,81013,10570,3517,20.96756487,71.09168028,2731412
2024,2,南投縣,79.25406504,1.230848861,0.405381443,29.60475207,41.18237705,,,,,14002,2169,1044,17.62672764,72.66873706,472299
2024,2,嘉義市,90.73170732,2.474213836,0.440186335,33.02298137,52.71779141,,,,,8943,1478,514,18.68580247,65.88125,262177
2024,2,嘉義縣,87.81402439,2.433438486,0.35490566,38.13730408,56.23529412,,,,,14430,1594,891,18.2496875,69.4875,478786
2024,2,基隆市,52.82822086,1.4,0.376,32.30331126,24.67080745,,,,,10110,1489,795,16.785625,74.75,361441
2024,2,宜蘭縣,49.25,0.869496855,0.282795031,35.32106918,26.76025237,,,,,15179,3196,1709,17.80213415,72.67378049,449212
2024,2,屏東縣,75.45487805,1.477571252,0.346967822,43.04758962,42.78206725,,,,,23890,3722,1655,20.38455285,64.66666667,789239
2024,2,彰化縣,71.42195122,1.98368356,0.377972806,36.16983931,49.13732834,,,,,37590,5425,2503,18.30950203,71.4476626,1225675
2024,2,新北市,56.90380103,1.077093359,0.429937769,32.11848296,31.51446183,,,,,137188,21327,6412,17.28313967,69.76974712,4047001
2024,2,新竹市,59.28834356,1.466037736,0.3519375,37.4327044,26.25925926,,,,,12257,4508,1614,18.030625,73.34375,457242
2024,2,新竹縣,61.48,1.052442997,0.314668874,36.66470588,30.53726708,,,,,21229,3615,1357,16.81180124,72.19254658,594641
2024,2,桃園市,57.7430911,1.55503212,0.414564756,33.59649309,32.91623037,,,,,65453,12169,3936,16.83814024,70.7726626,2338648
2024,2,澎湖縣,57.17682927,0.65617284,0.259814815,53.10802469,23.17791411,,,,,2677,154,72,19.5117284,69.85802469,107901
2024,2,臺中市,69.18597561,1.565744681,0.382747934,34.34849429,37.95183246,,,,,87961,20850,10485,18.03052147,68.88932927,2860601
2024,2,臺北市,57.21328671,1.345879121,0.449042934,30.27280859,28.59292035,,,,,75091,13734,5973,16.45890244,70.48294135,2490869
2024,2,臺南市,89.87073171,1.815809285,0.396245307,34.84316186,56.91031941,,,,,48785,10504,5514,18.79319106,67.97560976,1858651
2024,2,臺東縣,43.30792683,0.752866242,0.272861538,36.69046154,24.02461538,,,,,6066,1288,467,18.80889571,69.79573171,210219
2024,2,花蓮縣,49.80487805,0.849056604,0.3281875,35.08176101,24.78125,,,,,7545,1458,766,18.57,70.69375,315374
2024,2,苗栗縣,57.81910569,1.746025105,0.326083333,35.79417879,32.84253579,,,,,18895,2608,917,16.45010288,74.25,532854
2024,2,連江縣,119.804878,1.81595092,0.464846626,49.49447853,67.31481481,,,,,69,16,13,12.56463415,69.81097561,13950
2024,2,金門縣,125.5487805,2.338650307,0.516564417,47.75889571,72.51234568,,,,,3296,331,64,15.61288344,65.05521472,143601
2024,2,雲林縣,80.05182927,1.848346457,0.361711146,38.45852895,53.29356358,,,,,22332,2601,1466,18.33297764,72.78963415,658427
2024,2,高雄市,91.49061914,2.012251816,0.487031325,34.12676329,57.77379244,,,,,84279,11492,3916,20.38451853,65.61288671,2731412
2024,3,南投縣,76.69461078,1.213361169,0.362293763,31.82787879,41.84242424,,,,,13825,2276,1058,19.48602794,74.43512974,472299
2024,3,嘉義市,91.24550898,2.372891566,0.389698795,32.96746988,56.09036145,,,,,9182,1613,560,20.24191617,74.52095808,262177
2024,3,嘉義縣,85.60179641,2.11686747,0.318855422,34.10783133,56.73493976,,,,,14145,1500,803,19.68922156,80.68263473,478786
2024,3,基隆市,41.48502994,1.432317073,0.331030303,28.41585366,19.54819277,,,,,9570,1615,977,19.13353293,79.51497006,361441
2024,3,宜蘭縣,31.38323353,0.632628399,0.246495468,28.70241692,17.0813253,,,,,14302,3015,1881,19.44101796,82.78143713,449212
2024,3,屏東縣,67.95449102,1.425603865,0.292349398,43.91690821,39.84318456,,,,,23463,3544,1648,21.74161677,69.9261477,789239
2024,3,彰化縣,73.33652695,1.692063492,0.345261239,30.88649635,50.70787879,,,,,36852,5402,2628,19.98173653,81.92265469,1225675
2024,3,新北市,44.6549977,0.959125118,0.392680653,27.57725784,23.82961931,,,,,130964,21350,6260,19.55571584,76.10397387,4047001
2024,3,新竹市,58.90419162,1.390797546,0.366625767,28.47151515,27.00606061,,,,,12071,4410,1602,20.00538922,86.47305389,457242
2024,3,新竹縣,55.69461078,0.887878788,0.295987842,30.43795181,28.37349398,,,,,20228,3554,1412,18.63443114,80.91616766,594641
2024,3,桃園市,52.95908184,1.462373225,0.402451874,27.64838384,31.90707071,,,,,63529,12423,4014,18.87994012,80.49700599,2338648
2024,3,澎湖縣,53.13173653,0.618787879,0.209030303,49.23253012,22.93975904,,,,,2598,159,71,20.6497006,76.18562874,107901
2024,3,臺中市,68.41117764,1.423053589,0.359203629,30.08206687,39.78326613,,,,,86191,20180,9904,19.85760479,77.1760479,2860601
2024,3,臺北市,45.75278015,1.163162467,0.418406926,27.07417391,20.54012079,,,,,71163,13613,6281,18.98592814,75.05560308,2490869
2024,3,臺南市,86.64550898,1.589172749,0.351373026,34.65890244,59.72771084,,,,,49661,10519,5413,20.56871257,76.58682635,1858651
2024,3,臺東縣,28.68862275,0.705740181,0.188670695,30.6776435,12.19277108,,,,,5570,1196,469,20.30179641,72.90718563,210219
2024,3,花蓮縣,30.15568862,0.687951807,0.236566265,31.24879518,10.72891566,,,,,7059,1395,793,20.17784431,73.15568862,315374
2024,3,苗栗縣,55.21357285,1.579149798,0.301454545,31.41443089,33.03427419,,,,,19318,2959,1026,18.36826347,81.36726547,532854
2024,3,連江縣,70.8742515,1.203703704,0.320797546,39.01049383,41.76219512,,,,,106,32,22,14.28143713,74.34730539,13950
2024,3,金門縣,82.13772455,1.625454545,0.381939394,38.54666667,45.88554217,,,,,2971,252,71,16.90538922,72.91017964,143601
2024,3,雲林縣,79.42964072,1.555775076,0.321274659,33.65521936,54.07692308,,,,,22706,2584,1463,19.80988024,83.53293413,658427
2024,3,高雄市,85.59005067,1.871495327,0.444629716,36.51114219,56.99024164,,,,,85238,11901,3884,21.92979042,71.39567229,2731412
2024,4,南投縣,54,1.137951807,0.385511022,17.88977956,26.42540323,,,,,12070,2111,992,14.69610778,82.10878244,472299
2024,4,嘉義市,61.86227545,2.116766467,0.414790419,20.0988024,32.27710843,,,,,8061,1344,518,14.87125749,74.1257485,262177
2024,4,嘉義縣,59.34431138,2.200301205,0.364550898,26.55838323,35.94879518,,,,,12798,1212,636,14.47185629,75.61077844,478786
2024,4,基隆市,48.19760479,1.239156627,0.334790419,33.06646707,22.55421687,,,,,8468,1426,878,12.47005988,83.34131737,361441
2024,4,宜蘭縣,32.04191617,0.748466258,0.300797546,28.4686747,14.37878788,,,,,13055,2685,1632,13.54311377,85.08982036,449212
2024,4,屏東縣,69.15808383,1.725394897,0.383803159,31.79285714,39.01585366,,,,,21064,3185,1504,18.31776447,72.21756487,789239
2024,4,彰化縣,46.96886228,1.538628159,0.353882212,25.69386282,28.89009662,,,,,33514,4936,2379,14.42829341,76.43712575,1225675
2024,4,新北市,48.36112391,0.957162921,0.419670228,26.75478748,26.73581395,,,,,117063,18471,5810,12.32471874,83.00762112,4047001
2024,4,新竹市,53.64071856,1.471084337,0.372814371,28.14071856,18.69512195,,,,,10542,3831,1403,12.5005988,90.53892216,457242
2024,4,新竹縣,46.43712575,0.954191617,0.309790419,30.6494012,20.94879518,,,,,17673,3129,1185,11.53592814,88.10479042,594641
2024,4,桃園市,48.74550898,1.3197,0.393413174,26.48373253,26.33032129,,,,,55045,10689,3629,11.45918164,86.26946108,2338648
2024,4,澎湖縣,45.03592814,0.780838323,0.291084337,39.19461078,20.01212121,,,,,2571,131,40,15.60598802,75.09580838,107901
2024,4,臺中市,44.80439122,1.263608871,0.337869347,25.61043129,19.29255861,,,,,77512,19533,9619,13.52311377,77.78323353,2860601
2024,4,臺北市,47.38665526,1.090025795,0.446138699,24.70598802,20.96893874,,,,,62550,12017,5741,11.54760479,82.2566296,2490869
2024,4,臺南市,63.85748503,1.598918269,0.383261391,23.3662636,37.12765957,,,,,44720,10038,5078,15.5260479,72.97305389,1858651
2024,4,臺東縣,27.55389222,0.731076923,0.296242424,29.5054878,14.23564955,,,,,4853,1068,420,16.28592814,73.59580838,210219
2024,4,花蓮縣,31.01197605,0.692814371,0.366586826,26.39640719,13.40963855,,,,,6389,1305,724,15.61017964,78.37125749,315374
2024,4,苗栗縣,41.94810379,1.638877756,0.32167002,28.1442,20.78514056,,,,,17259,2513,896,11.65958084,85.29141717,532854
2024,4,連江縣,71.49101796,1.205988024,0.331317365,35.00359281,40.5060241,,,,,95,19,16,7.962874251,57.76646707,13950
2024,4,金門縣,68.63473054,1.678443114,0.458023952,31.67245509,33.77710843,,,,,2356,114,38,10.65928144,59.89820359,143601
2024,4,雲林縣,57.29041916,1.808054711,0.360657277,26.01633888,35.80995475,,,,,20752,2435,1345,14.50244511,77.8502994,658427
2024,4,高雄市,72.11699678,1.770356647,0.473155946,22.02845227,45.08875465,,,,,78224,11440,3813,17.45329795,70.4055979,2731412
2024,5,南投縣,67.8762475,1.12193159,0.409839034,25.68189135,34.33266129,,,,,12715,2423,1020,20.18802395,76.8762475,472299
2024,5,嘉義市,93.76646707,1.851204819,0.459578313,27.12349398,48.90361446,,,,,8521,1499,631,20.38443114,76.37125749,262177
2024,5,嘉義縣,94.06287425,2.098480243,0.405727273,31.27,53.22327044,,,,,13538,1390,690,19.79011976,83.74251497,478786
2024,5,基隆市,52.31137725,1.218292683,0.50304878,22.62256098,22.62576687,,,,,9256,1266,719,18.05568862,89.11377246,361441
2024,5,宜蘭縣,37.09580838,0.749847095,0.366139818,26.93242424,19.17771084,,,,,14019,2874,1690,20.0994012,84.39820359,449212
2024,5,屏東縣,80.29820359,1.363966143,0.340385542,41.9,44.01688782,,,,,21852,3373,1509,22.61676647,73.77045908,789239
2024,5,彰化縣,78.26227545,1.520318237,0.444111922,28.46515892,47.12087912,,,,,35784,5787,2521,19.64560878,84.60429142,1225675
2024,5,新北市,55.93781667,1.18689752,0.592475524,24.23283652,27.15109252,,,,,126340,19644,6193,18.87047269,84.72945019,4047001
2024,5,新竹市,69.64670659,1.119512195,0.489030303,27.73658537,26.31288344,,,,,11396,4288,1607,18.73072289,93.13253012,457242
2024,5,新竹縣,65.70658683,1.021084337,0.40376506,27.81299094,28.58912387,,,,,18804,3322,1204,18.26616766,88.92215569,594641
2024,5,桃園市,61.49401198,1.430092119,0.547423625,24.90631365,32.58841463,,,,,58746,11401,3567,17.95217565,88.7750499,2338648
2024,5,澎湖縣,53.02994012,0.619879518,0.31060241,44.73313253,20.62650602,,,,,2713,141,67,19.57724551,82.86826347,107901
2024,5,臺中市,69.14071856,1.276512821,0.448140244,25.25859613,33.56153051,,,,,83273,21156,9983,19.90179641,78.29461078,2860601
2024,5,臺北市,55.39863131,1.174133333,0.621079199,23.56239092,23.97723292,,,,,67335,12864,6018,18.56658683,83.20216709,2490869
2024,5,臺南市,98.85149701,1.626642336,0.44848301,30.32026862,56.8630303,,,,,46369,10943,5628,20.73158683,77.18413174,1858651
2024,5,臺東縣,28.47305389,0.533333333,0.258932927,28.45634675,14.80421687,,,,,4844,975,414,20.94850299,79.99700599,210219
2024,5,花蓮縣,35.82634731,0.721212121,0.338484848,26.53554217,13.75903614,,,,,6205,1431,730,20.66407186,85.26347305,315374
2024,5,苗栗縣,57.81037924,1.513967611,0.392580645,27.15665323,29.26156942,,,,,18527,2561,945,18.01397206,87.40319361,532854
2024,5,連江縣,70.62275449,1.046987952,0.379638554,40.71272727,35.08433735,,,,,95,27,16,12.14431138,82.19760479,13950
2024,5,金門縣,92.07784431,1.426829268,0.474363636,32.64848485,39.10365854,,,,,2463,143,43,15.2502994,77.22754491,143601
2024,5,雲林縣,85.40868263,1.414048338,0.387039275,32.01057402,50.04977376,,,,,21447,2639,1369,19.62844311,85.54191617,658427
2024,5,高雄市,101.2911101,1.938238051,0.540589612,32.16746143,60.32645403,,,,,80063,12185,3812,22.14256487,75.05838323,2731412
2024,6,南投縣,65.30139721,1.04008016,0.423386774,22.2048,31.07676768,,,,,11148,1954,893,17.9251497,84.8762475,472299
2024,6,嘉義市,74.46107784,1.61497006,0.455568862,26.44550898,39.29090909,,,,,7918,1285,546,17.93053892,80.32335329,262177
2024,6,嘉義縣,67.64670659,2.042042042,0.395195195,33.36966967,37.12048193,,,,,11918,1178,614,17.48083832,83.13473054,478786
2024,6,基隆市,52.49101796,1.093373494,0.374850299,39.53712575,21.05421687,,,,,8558,1219,772,15.12335329,87.35329341,361441
2024,6,宜蘭縣,36.25748503,0.758682635,0.339550898,32.66257485,11.85365854,,,,,11745,2415,1453,17.11137725,86.97305389,449212
2024,6,屏東縣,67.65355191,1.157700893,0.372931996,34.78719376,35.64252874,,,,,18845,2720,1240,21.88802395,77.27744511,789239
2024,6,彰化縣,54.81556886,1.455783133,0.391152461,32.72184874,29.91917973,,,,,32926,4892,2210,17.31781437,83.07335329,1225675
2024,6,新北市,49.24458775,0.947156727,0.438290323,34.63822038,23.06490496,,,,,108484,15798,5118,15.39402105,86.76156777,4047001
2024,6,新竹市,53.71257485,1.192814371,0.411497006,35.59461078,20.11656442,,,,,9323,3092,1285,15.44071856,95.06586826,457242
2024,6,新竹縣,51.10179641,0.817417417,0.35497006,35.63532934,19.82779456,,,,,15262,2581,1057,14.64341317,90.35928144,594641
2024,6,桃園市,49.05688623,1.119273461,0.431157685,34.10489022,22.0251004,,,,,49428,9316,3184,14.61207585,89.81437126,2338648
2024,6,澎湖縣,49.09580838,0.931736527,0.332095808,44.43652695,18.86144578,,,,,2302,138,62,17.34011976,78.2994012,107901
2024,6,臺中市,54.63885714,1.358131488,0.388963134,28.98208092,23.33294664,,,,,76358,18472,9426,16.74886228,81.56407186,2860601
2024,6,臺北市,48.68605646,0.974330164,0.448381849,33.24505589,18.42445415,,,,,57637,9929,4564,14.77844311,85.42001711,2490869
2024,6,臺南市,70.22634731,1.167643468,0.405983213,30.14724221,39.70666667,,,,,39865,9417,4993,18.66886228,79.77095808,1858651
2024,6,臺東縣,29.91916168,1.251170569,0.311556886,32.30150602,9.903030303,,,,,4380,746,297,19.59251497,82.2245509,210219
2024,6,花蓮縣,33.35329341,1.006586826,0.380179641,32.36646707,9.295180723,,,,,5662,1117,580,18.73353293,88.83832335,315374
2024,6,苗栗縣,48.17365269,1.37,0.3709,32.6008,21.81891348,,,,,16203,2275,860,14.69800399,89.15768463,532854
2024,6,連江縣,72.95808383,0.962275449,0.430419162,39.15628743,36.44512195,,,,,69,14,9,9.185628743,77.89820359,13950
2024,6,金門縣,70.99401198,1.289820359,0.499819277,32.28143713,30.04848485,,,,,2311,125,49,12.63592814,77.22754491,143601
2024,6,雲林縣,60.96556886,1.384370258,0.392065728,33.92421053,34.93966817,,,,,19025,2318,1297,17.2742515,86.23053892,658427
2024,6,高雄市,78.13311838,1.519389172,0.497461788,26.44359331,45.15791918,,,,,70707,10118,3529,21.07780802,76.24891127,2731412
2024,7,南投縣,63.86227545,1.153722334,0.321285141,29.07364185,32.48795181,,,,,8863,2002,894,18.11956088,69.0408998,472299
2024,7,嘉義市,72.97005988,1.785542169,0.364819277,32.88253012,42.11445783,,,,,6408,1227,477,19.41317365,64.96732026,262177
2024,7,嘉義縣,86.2994012,2.288484848,0.331903323,35.15226586,50.65361446,,,,,11160,1268,691,18.73682635,69.79216867,478786
2024,7,基隆市,60.4011976,1.084375,0.38630303,28.76545455,29.06024096,,,,,6663,961,539,16.81197605,77.91616766,361441
2024,7,宜蘭縣,47.28143713,0.70813253,0.259246988,36.49939394,22.61445783,,,,,9475,2088,1166,19.1751497,70.40419162,449212
2024,7,屏東縣,65.63173653,1.036757301,0.28327291,46.06959596,35.2286002,,,,,16636,2637,1096,21.46467066,66.06187625,789239
2024,7,彰化縣,72.29580838,1.708937198,0.335736715,33.24009662,46.17831325,,,,,27468,4851,1900,18.60943114,70.12325349,1225675
2024,7,新北市,58.711193,1.012871747,0.413762192,33.32108686,30.87919776,,,,,85352,13535,4570,17.92767647,68.45967459,4047001
2024,7,新竹市,65.89221557,1.495783133,0.39060241,32.59393939,34.57317073,,,,,7649,2277,909,17.65361446,79.31677019,457242
2024,7,新竹縣,59.18862275,0.942900302,0.264728916,36.91087613,29.28614458,,,,,12633,2007,813,17.46706587,68.36666667,594641
2024,7,桃園市,59.65469062,1.394567404,0.38408862,34.01350806,34.20100503,,,,,41113,8320,2548,17.47744511,67.61816367,2338648
2024,7,澎湖縣,61.26946108,0.784848485,0.256606061,51.73433735,27.80606061,,,,,2109,106,36,19.4257485,70.16766467,107901
2024,7,臺中市,64.46347305,1.536654367,0.361587302,30.03670732,33.52926829,,,,,59784,15295,7276,18.56161677,60.76656566,2860601
2024,7,臺北市,58.59452524,1.324567474,0.432919897,33.19161625,28.36183074,,,,,40429,7779,3626,17.56397206,67.6439692,2490869
2024,7,臺南市,75.65508982,1.563559322,0.336642599,34.7235792,45.95504253,,,,,32869,7344,3836,19.68667665,65.78012048,1858651
2024,7,臺東縣,43.98802395,0.837575758,0.247009063,35.1673716,21.56024096,,,,,4481,575,243,19.77694611,69.38622754,210219
2024,7,花蓮縣,48.81437126,0.864242424,0.276987952,34.74638554,19.46666667,,,,,5659,1153,502,19.58502994,70.86227545,315374
2024,7,苗栗縣,53.86427146,1.54516129,0.282555332,34.39216867,30.25903614,,,,,13610,1694,579,16.78203593,70.96625767,532854
2024,7,連江縣,86.49101796,1.419277108,0.359698795,44.15963855,48.73493976,,,,,77,22,18,12.56167665,72.29090909,13950
2024,7,金門縣,92.11377246,1.747798742,0.382704403,40.96832298,41.47590361,,,,,1442,90,30,15.76467066,64.12962963,143601
2024,7,雲林縣,76.7739521,1.624096386,0.321960784,36.3279879,48.44578313,,,,,18550,2210,1065,18.63802395,70.70309381,658427
2024,7,高雄市,73.42422847,1.570862471,0.409995353,35.58455095,44.39035698,,,,,58701,8340,2623,21.24347215,63.83219924,2731412
2024,8,南投縣,57.05823293,1.067068273,0.290381526,26.49437751,31.27272727,,,,,11405,2262,1044,22.59787879,73.46464646,472299
2024,8,嘉義市,51.53012048,1.973939394,0.310060241,24.33878788,32.53939394,,,,,7447,1619,685,23.58121212,70.47272727,262177
2024,8,嘉義縣,56.3627451,1.85839599,0.276741855,24.64343434,40.08181818,,,,,12359,1337,686,23.19333333,78.43030303,478786
2024,8,基隆市,44.1746988,1.080981595,0.466768293,17.46848485,18.99390244,,,,,8526,1361,795,19.36829268,89.3597561,361441
2024,8,宜蘭縣,29.4126506,0.586322188,0.263363636,21.7836858,17.45757576,,,,,10952,2798,1567,21.82090909,83.25757576,449212
2024,8,屏東縣,41.5251004,0.704259635,0.198672746,31.67621457,28.57633974,,,,,19218,3448,1383,24.76505051,74.13737374,789239
2024,8,彰化縣,54.66024096,1.64875,0.29864831,24.202267,39.3225,,,,,30818,5601,2321,22.98257576,80.03030303,1225675
2024,8,新北市,48.08248378,1.082460243,0.479046283,22.37720691,23.39235127,,,,,103001,16952,5960,20.77379247,82.98947658,4047001
2024,8,新竹市,52.93975904,1.341818182,0.388606061,22.15151515,23.29268293,,,,,9242,3531,1446,20.93536585,81.49390244,457242
2024,8,新竹縣,49.76506024,0.802134146,0.286139818,24.98969697,22.09118541,,,,,15850,2927,1156,20.52878788,82.93939394,594641
2024,8,桃園市,49.18574297,1.313761468,0.444333672,21.4444898,26.44523327,,,,,51042,10694,3414,20.39141414,82.66242424,2338648
2024,8,澎湖縣,32.51807229,0.640740741,0.219698795,32.45542169,15.29090909,,,,,2369,186,58,23.66060606,82.24848485,107901
2024,8,臺中市,53.69518072,1.407361963,0.339697703,24.2865942,31.49029126,,,,,73269,19480,9267,22.788,72.41454545,2860601
2024,8,臺北市,48.50516351,1.221085409,0.515363716,21.87869142,21.69297485,,,,,54790,11658,5960,20.47769697,79.86233766,2490869
2024,8,臺南市,47.9,1.503907204,0.287588307,23.59400978,36.40340219,,,,,36461,9027,4645,24.21530303,71.58787879,1858651
2024,8,臺東縣,24.03614458,0.823708207,0.189515152,23.34501511,15.47112462,,,,,4838,1115,440,22.90636364,77.96969697,210219
2024,8,花蓮縣,29.65060241,0.611585366,0.22439759,23.39277108,12.34146341,,,,,6170,1513,755,22.41636364,85.73939394,315374
2024,8,苗栗縣,45.69076305,1.725858586,0.289048583,23.89375,26.21862348,,,,,16190,2130,858,20.92020202,80.90505051,532854
2024,8,連江縣,39.56024096,0.904242424,0.291272727,28.62606061,21.82716049,,,,,107,50,41,13.60731707,86.37804878,13950
2024,8,金門縣,55.09036145,0.966666667,0.297228916,25.07710843,23.37195122,,,,,2132,122,75,18.4830303,79.67272727,143601
2024,8,雲林縣,54.11746988,1.378374233,0.275742726,26.32235835,39.77419355,,,,,19480,2779,1315,22.90989899,80.75707071,658427
2024,8,高雄市,48.28405931,2.142931442,0.321960876,25.60974359,38.42783505,,,,,64300,9978,3369,25.36498163,70.55105601,2731412
2024,9,南投縣,61.28143713,1.127016129,0.385659574,24.17096774,29.16901408,,,,,11400,2168,1018,17.99101796,78.54091816,472299
2024,9,嘉義市,64.5988024,2.284242424,0.414060606,25.09333333,33.03030303,,,,,7109,1511,586,17.78502994,75.38922156,262177
2024,9,嘉義縣,65.68085106,1.984486874,0.348800959,30.10795181,35.94242424,,,,,11588,1157,560,17.38922156,78.64670659,478786
2024,9,基隆市,42.98203593,0.963636364,0.337030303,34.49085366,16.03012048,,,,,7835,1213,732,13.70658683,91.35329341,361441
2024,9,宜蘭縣,32.6257485,0.786322188,0.302870091,31.23525836,14.62048193,,,,,10991,2687,1419,15.84820359,85.45508982,449212
2024,9,屏東縣,72.27944112,1.314343845,0.381464646,36.11762918,39.32862903,,,,,18250,3308,1291,21.34031936,74.93812375,789239
2024,9,彰化縣,49.60958084,1.707875,0.343785803,30.64769614,28.79280397,,,,,30060,5249,2366,17.03323353,80.72854291,1225675
2024,9,新北市,41.8770152,0.810146295,0.399531835,30.71683075,19.41231782,,,,,93687,15068,4928,14.06171747,90.18236255,4047001
2024,9,新竹市,48.45508982,1.247590361,0.355240964,32.50421687,17.51204819,,,,,8649,3056,1328,14.24071856,84.0239521,457242
2024,9,新竹縣,42.99101796,0.772205438,0.304531722,32.99969789,16.77710843,,,,,14670,2755,997,13.54401198,92.33832335,594641
2024,9,桃園市,42.32135729,1.046363636,0.37921371,30.78543984,19.02419355,,,,,49276,9271,3149,13.3243513,92.10978044,2338648
2024,9,澎湖縣,44.09580838,0.621084337,0.274518072,43.28855422,18.62048193,,,,,2415,214,70,18.16766467,78.07185629,107901
2024,9,臺中市,46.18203593,1.165892421,0.35205314,28.19975816,21.29759036,,,,,68537,17779,8641,16.48179641,76.4,2860601
2024,9,臺北市,42.81950385,0.913458111,0.442380539,28.33032929,16.04840104,,,,,49845,10036,4740,13.59491018,88.19418306,2490869
2024,9,臺南市,63.37005988,1.553808948,0.379963855,28.1660628,38.23614458,,,,,35685,8655,4261,18.41736527,75.56137725,1858651
2024,9,臺東縣,29.58383234,0.768389058,0.291087613,32.48006042,9.380664653,,,,,4807,1018,336,18.79131737,81.36826347,210219
2024,9,花蓮縣,33.98802395,0.581097561,0.361212121,31.30365854,10.59638554,,,,,5553,1302,605,17.42831325,93.01807229,315374
2024,9,苗栗縣,40.9261477,1.251515152,0.319797571,30.87703252,17.46184739,,,,,14977,2010,825,14.03872255,87.86027944,532854
2024,9,連江縣,57.2754491,1.043636364,0.314638554,38.49207317,32.80722892,,,,,108,42,19,9.268862275,75.11976048,13950
2024,9,金門縣,70.16766467,1.239156627,0.42560241,33.15939394,29.93939394,,,,,2267,114,69,12.84251497,69.01197605,143601
2024,9,雲林縣,56.37125749,1.650762195,0.342549618,32.12867982,35.03177005,,,,,18802,2609,1280,17.26991018,80.23502994,658427
2024,9,高雄市,74.73975127,1.712165336,0.481123596,25.14209291,46.74170948,,,,,62246,9640,3115,20.6203865,72.19152604,2731412
2024,9,南投縣,61.28143713,1.127016129032258,0.3856595744680851,24.17096774193548,29.169014084507044,,,,,11400,2168,1018,17.991017964071855,78.54091816367266,472299
2024,9,嘉義市,64.59880239520957,2.284242424242424,0.4140606060606061,25.09333333333333,33.03030303030303,,,,,7109,1511,586,17.78502994011976,75.38922155688623,262177
2024,9,嘉義縣,65.68085106382979,1.9844868735083527,0.3488009592326139,30.107951807228915,35.942424242424245,,,,,11588,1157,560,17.389221556886227,78.64670658682634,478786
2024,9,基隆市,42.98203592814371,0.9636363636363636,0.337030303,34.49085365853659,16.03012048192771,,,,,7835,1213,732,13.706586826347303,91.35329341317366,361441
2024,9,宜蘭縣,32.625748502994014,0.786322188,0.3028700906344411,31.23525835866261,14.620481927710845,,,,,10991,2687,1419,15.848203592814372,85.45508982035928,449212
2024,9,屏東縣,72.27944111776448,1.3143438453713123,0.3814646464646464,36.11762918,39.328629032258064,,,,,18250,3308,1291,21.340319361277444,74.93812375,789239
2024,9,彰化縣,49.60958083832335,1.707875,0.343785803,30.64769613947696,28.792803970223325,,,,,30060,5249,2366,17.033233532934133,80.72854291417165,1225675
2024,9,新北市,41.8770152,0.810146295,0.3995318352059925,30.71683075480544,19.412317818523743,,,,,93687,15068,4928,14.061717474142624,90.18236255,4047001
2024,9,新竹市,48.45508982035928,1.247590361445783,0.3552409638554217,32.50421686746988,17.512048192771083,,,,,8649,3056,1328,14.24071856287425,84.02395209580838,457242
2024,9,新竹縣,42.99101796407186,0.7722054380664652,0.3045317220543806,32.999697885196376,16.77710843373494,,,,,14670,2755,997,13.544011976047903,92.33832335329342,594641
2024,9,桃園市,42.32135728542914,1.0463636363636364,0.3792137096774193,30.785439838220423,19.024193548387096,,,,,49276,9271,3149,13.324351297405189,92.10978043912176,2338648
2024,9,澎湖縣,44.09580838323353,0.6210843373493976,0.2745180722891566,43.28855421686747,18.620481927710845,,,,,2415,214,70,18.167664670658684,78.07185628742515,107901
2024,9,臺中市,46.18203592814371,1.165892420537897,0.3520531400966183,28.19975816203144,21.297590361445785,,,,,68537,17779,8641,16.48179640718563,76.39999999999999,2860601
2024,9,臺北市,42.81950384944397,0.9134581105169342,0.442380539,28.330329289428075,16.048401037165082,,,,,49845,10036,4740,13.59491017964072,88.19418306244653,2490869
2024,9,臺南市,63.37005988023952,1.5538089480048367,0.3799638554216867,28.16606280193237,38.23614457831325,,,,,35685,8655,4261,18.41736526946108,75.56137724550898,1858651
2024,9,臺東縣,29.58383233532934,0.7683890577507599,0.2910876132930513,32.480060422960726,9.380664652567976,,,,,4807,1018,336,18.79131736526946,81.36826347305389,210219
2024,9,花蓮縣,33.98802395209581,0.5810975609756097,0.3612121212121212,31.303658536585367,10.596385542168674,,,,,5553,1302,605,17.428313253012046,93.01807228915662,315374
2024,9,苗栗縣,40.92614770459082,1.2515151515151517,0.3197975708502024,30.877032520325205,17.461847389558233,,,,,14977,2010,825,14.03872255489022,87.86027944111775,532854
2024,9,連江縣,57.2754491,1.0436363636363637,0.3146385542168674,38.49207317073171,32.80722891566265,,,,,108,42,19,9.268862275449102,75.11976047904191,13950
2024,9,金門縣,70.16766467065868,1.239156626506024,0.4256024096385542,33.159393939393944,29.939393939393938,,,,,2267,114,69,12.84251497005988,69.01197605,143601
2024,9,雲林縣,56.37125748502994,1.650762195121951,0.3425496183206107,32.12867981790592,35.03177004538578,,,,,18802,2609,1280,17.269910179640718,80.23502994011976,658427
2024,9,高雄市,74.73975126669737,1.7121653358384217,0.481123596,25.142092914124824,46.74170948155068,,,,,62246,9640,3115,20.620386499727815,72.19152603883143,2731412
2024,10,南投縣,73.57285429141717,1.119517102615694,0.3585454545454545,26.88450704225352,37.77890467,,,,,10881,2070,984,19.691017964071857,74.72455089820359,472299
2024,10,嘉義市,70.47904191616766,2.020958083832336,0.3774850299401197,31.206586826347305,39.62048192771084,,,,,7305,1522,577,20.241317365269463,67.07784431137725,262177
2024,10,嘉義縣,75.58083832335329,2.318562874251497,0.3448802395209581,36.69251497005988,49.57831325301205,,,,,12079,1171,589,19.904191616766468,69.48203592814372,478786
2024,10,基隆市,58.796407185628745,1.3376543209876544,0.4024074074074074,40.00555555555555,30.806060606060605,,,,,8157,1345,807,16.144848484848485,78.27272727272727,361441
2024,10,宜蘭縣,44.08083832335329,0.6666666666666666,0.3087687687687688,35.26317365269461,26.120481927710845,,,,,11315,2655,1389,17.307784431137726,79.54491017964072,449212
2024,10,屏東縣,65.72654690618762,1.0476434426229508,0.303164813,37.79717741935484,35.310483870967744,,,,,18320,3174,1232,22.725948103792412,72.67265469061877,789239
2024,10,彰化縣,68.72455089820359,1.609673518742443,0.33,36.515073529411765,46.70316622691293,,,,,29572,5039,2220,19.07874251497006,70.05538922155688,1225675
2024,10,新北市,59.74942422846615,1.0737796373779636,0.5046851851851851,34.39869888475837,37.41767441860465,,,,,102129,16061,5123,16.60620577027763,77.40506865057763,4047001
2024,10,新竹市,64.1497006,1.295679012345679,0.3864670658682635,36.45149700598802,33.17575757575757,,,,,9468,3270,1349,17.24431137724551,71.80722891566265,457242
2024,10,新竹縣,58.19461077844311,0.8722054380664652,0.3175,37.65106382978723,31.978915662650603,,,,,16109,2733,1014,16.385928143712572,77.12874251497006,594641
2024,10,桃園市,58.486027944111775,1.395195195195195,0.4467167167167167,34.23323353293413,35.74974874371859,,,,,52004,10065,3263,16.353393213572854,77.12055888223553,2338648
2024,10,澎湖縣,55.01796407185629,0.54011976,0.2695808383233533,50.22754491017964,26.503030303030304,,,,,2688,201,70,19.93053892215569,73.44910179640719,107901
2024,10,臺中市,61.19401198,1.445631067961165,0.3663056558363417,33.901322115384616,36.45048309178744,,,,,68660,18007,8473,19.22502994011976,66.44401198,2860601
2024,10,臺北市,61.45851154833191,1.1190269331016507,0.5436715391229578,32.94337349,33.98793103448276,,,,,54091,10777,5202,15.983512974051898,78.63216424,2490869
2024,10,臺南市,69.59760479041915,1.6430825242718448,0.3677575757575757,31.70254545454545,43.407990314769975,,,,,36329,8577,4200,20.927994011976047,68.83383233532935,1858651
2024,10,臺東縣,42.793413173652695,0.8724242424242423,0.2757530120481927,37.1015015,23.21276595744681,,,,,4472,1107,403,19.773353293413173,73.55389221556887,210219
2024,10,花蓮縣,46.19161676646706,0.7650306748466258,0.3410429447852761,35.51614906832298,23.25301204819277,,,,,5782,1230,610,18.948795180722893,80.28742515,315374
2024,10,苗栗縣,54.36926147704591,1.545708582834331,0.3092215568862275,37.71077844311377,31.764587525150905,,,,,15531,2151,857,17.074451097804392,75.60479041916167,532854
2024,10,連江縣,84.11377245508982,1.1602409638554216,0.3530722891566265,52.57185628742515,54.83734939759036,,,,,102,63,22,12.120359281437125,68.79041916167665,13950
2024,10,金門縣,84.43113772,1.724848484848485,0.3669696969696969,40.221818181818186,47.62048192771084,,,,,2446,117,47,15.062275449101795,66.71856287,143601
2024,10,雲林縣,75.45808383233533,1.701951951951952,0.3250755287009063,38.28603603603604,51.42208774583964,,,,,19456,2531,1309,19.60059880239521,71.73652694610779,658427
2024,10,高雄市,74.60847535697835,1.8620577281191808,0.433699074,26.84918794,46.91183294663573,,,,,62242,9548,3141,22.543163672654693,71.42564870259481,2731412
2024,11,南投縣,84.40918163672654,1.19010101,0.3763838383838384,30.85665322580645,44.83098591549296,,,,,11012,2174,951,19.30429141716567,76.99301397205589,472299
2024,11,嘉義市,105.10778443113772,2.4054545454545453,0.4183030303030303,35.527272727272724,61.55421686746988,,,,,6808,1624,674,20.30662651,72.82530120481928,262177
2024,11,嘉義縣,98.59281437125748,2.252599388379205,0.3415030674846626,39.96296296296296,61.75903614457831,,,,,12065,1270,629,19.81556886227545,79.37125748502994,478786
2024,11,基隆市,63.89221556886228,1.5254545454545454,0.4430722891566265,33.41036585365854,33.15060240963855,,,,,8234,1447,846,18.166467065868265,78.35329341317366,361441
2024,11,宜蘭縣,55.37125748502994,0.9498461538461538,0.3250306748466257,36.5075,35.54984894259819,,,,,12102,2891,1529,19.02814371257485,76.02095808383234,449212
2024,11,屏東縣,88.22270742358079,1.3815455594002306,0.3295085714285714,54.02116704805492,51.22628571428572,,,,,18912,3283,1191,22.41756487025948,67.64171656686626,789239
2024,11,彰化縣,81.5257485,1.8334549878345496,0.3413658536585366,36.16487804878049,53.13905683192261,,,,,29153,5137,2241,19.054191616766467,80.51197605,1225675
2024,11,新北市,70.51543067710732,1.1604323308270676,0.5538649155722326,30.508915094339624,44.40773532152843,,,,,105919,16811,5427,18.511903465795683,75.32536593479708,4047001
2024,11,新竹市,81.38323353293413,1.4246913580246914,0.4432716049382716,29.729629629629628,45.46913580246913,,,,,9684,3285,1363,18.568292682926828,74.275,457242
2024,11,新竹縣,77.96706586826348,1.156923076923077,0.3706422018348624,30.01876923076923,44.44108761329305,,,,,16945,2920,1061,17.802694610778445,79.19161676646706,594641
2024,11,桃園市,76.67465069860279,1.4614649681528662,0.5310740354535975,28.967916666666667,49.67934224049332,,,,,53612,10966,3471,17.924061876247503,77.32764471057885,2338648
2024,11,澎湖縣,63.25149700598802,0.7,0.2503067484662576,54.48711656441718,29.43030303030303,,,,,2462,179,68,20.16084337349397,74.21686746987952,107901
2024,11,臺中市,75.37365269461078,1.4083538083538083,0.3990875912408759,31.78684531059683,45.92400482509047,,,,,69072,18378,8588,19.22863273453094,75.41676646706587,2860601
2024,11,臺北市,73.08725406330197,1.2860892388451444,0.5986137750653879,32.01487314085739,43.09075194468453,,,,,56681,11274,5314,18.01565868263473,73.45690048474479,2490869
2024,11,臺南市,99.35089820359282,1.640875912408759,0.3770181818181818,39.68672350791717,64.35792019347038,,,,,37385,8405,4017,20.90239520958084,73.52994011976048,1858651
2024,11,臺東縣,48.55389221556887,0.6688821752265861,0.2740060240963855,41.845317220543805,32.16012084592145,,,,,4827,1066,418,19.830722891566264,71.54191616766467,210219
2024,11,花蓮縣,55.49700598802395,0.8547770700636942,0.3207643312101911,35.07861635220126,30.123456790123456,,,,,6106,1220,558,19.2825,78.24375,315374
2024,11,苗栗縣,70.83832335329342,1.7247443762781185,0.3525204918032787,30.604517453798767,42.65120967741935,,,,,15462,2188,887,17.698303393213575,79.76546906187625,532854
2024,11,連江縣,77.59880239520957,1.2704819277108437,0.3575301204819277,44.16746987951807,40.78313253012048,,,,,106,71,40,12.94251497005988,76.73493975903614,13950
2024,11,金門縣,106.04191616766468,1.923170731707317,0.4234756097560976,32.28963414634146,54.66257668711656,,,,,2403,104,53,15.680722891566266,70.28484848484848,143601
2024,11,雲林縣,89.38473053892216,1.6348159509202456,0.3245509893455098,39.083816793893135,58.37670196671709,,,,,19012,2334,1248,19.690469061876247,81.39321357,658427
2024,11,高雄市,102.90511285122064,2.218809073724008,0.4695325779036827,43.78878902554399,65.02139535,,,,,66231,9421,3295,22.39259532882287,68.57600707675559,2731412
2024,12,南投縣,75.21956087824351,1.2295180722891563,0.31972,36.165,48.36546184738956,,,,,11022,2228,983,21.70628743,68.84131736526946,472299
2024,12,嘉義市,80.72455089820359,2.046625766871166,0.3405454545454545,40.8,57.45180722891566,,,,,6645,1499,622,22.6,63.03012048192771,262177
2024,12,嘉義縣,85.08982035928143,2.057621951219512,0.3086666666666666,42.14042553191489,66.54216867,,,,,11576,1239,594,22.04491017964072,68.98502994011976,478786
2024,12,基隆市,55.09580838323353,1.438364779874214,0.3515094339622641,37.740625,41.31446540880504,,,,,7975,1519,903,18.77888198757764,73.91304347826087,361441
2024,12,宜蘭縣,52.01796407185629,0.8578461538461539,0.2687461773700306,40.796932515337424,40.97891566,,,,,11369,2644,1514,19.741616766467065,74.22155688622755,449212
2024,12,屏東縣,63.46706586826348,0.8497524752475247,0.2433575757575757,44.7889697,45.17654171704957,,,,,17617,3021,1302,23.69381238,68.26347305389221,789239
2024,12,彰化縣,81.71856287,1.7555018137847642,0.3061973525872443,41.94203592814371,63.95898673,,,,,28503,5519,2282,21.485928143712574,66.44860279441117,1225675
2024,12,新北市,63.31137724550898,1.1255329008341055,0.4166959334565619,39.19972235076354,47.434338747099765,,,,,105542,16331,5602,19.379327708219925,69.96135002721829,4047001
2024,12,新竹市,76.38922155688623,1.5365853658536586,0.3610365853658536,44.06956522,50.63414634146341,,,,,9657,3315,1439,19.921556886227545,68.57485029940119,457242
2024,12,新竹縣,73.11077844311377,1.221021021021021,0.2935135135135135,45.74011976047905,48.623493975903614,,,,,16770,2768,1150,19.426047904191616,72.61976047904191,594641
2024,12,桃園市,69.80738522954091,1.503248730964467,0.4167670682730924,39.855667001003006,51.318275154004105,,,,,51643,10654,3596,19.18942115768463,71.14071856287426,2338648
2024,12,澎湖縣,60.21556886227545,0.567283951,0.2304907975460122,52.66666666666666,34.412121212121214,,,,,2363,172,61,22.17305389221557,70.62874251497006,107901
2024,12,臺中市,71.31377245508982,1.5051219512195122,0.3433493397358943,39.75887290167866,53.14216867,,,,,67961,18335,8818,21.47820359281437,64.81397205588821,2860601
2024,12,臺北市,62.50128314798973,1.134358523725835,0.4304044750430292,39.181325301204815,43.46683893195521,,,,,55643,11090,5527,18.84481037924152,69.12332478,2490869
2024,12,臺南市,78.6,1.5380145278450363,0.3244135429262394,39.67666263603385,62.519903498190594,,,,,34821,8056,4265,22.936526946107787,66.93263473053892,1858651
2024,12,臺東縣,42.75748502994012,0.8506024096385542,0.2238323353293413,38.976347305389226,31.21752265861027,,,,,4385,855,400,20.74550898203593,74.82335329341318,210219
2024,12,花蓮縣,49.49700598802395,0.7461077844311377,0.2805988023952095,38.59640718562874,34.35333333333333,,,,,5645,1104,553,20.46766467065868,79.19161676646706,315374
2024,12,苗栗縣,69.72854291417165,1.7731462925851702,0.28702,44.4386,49.68072289156626,,,,,16078,2252,879,19.682035928143712,71.72155688622755,532854
2024,12,連江縣,78.53293413173652,1.2574850299401197,0.2918562874251497,51.69940119760479,61.795180722891565,,,,,149,89,35,14.45988023952096,70.61676646706587,13950
2024,12,金門縣,80.93413173652695,1.7928143712574849,0.3576646706586827,43.33515151515152,63.22289156626506,,,,,2217,142,78,17.992814371257484,62.58083832335329,143601
2024,12,雲林縣,81.97455089820359,1.7248868778280542,0.3011729323308271,41.92907153729072,64.61178248,,,,,17815,2411,1272,21.89885229540918,70.13572854291417,658427
2024,12,高雄市,73.62690004606172,1.645256826,0.3577535896248263,39.48913043478261,55.89781699953553,,,,,61948,8380,3221,24.149905643258936,66.87497731809108,2731412
2024,13,南投縣,70.17365269461078,1.217269076305221,0.3090763052208835,34.127309236947795,37.69617706237425,,,,,9208,1869,905,25.760479041916167,73.58083832335329,472299
2024,13,嘉義市,69.16167664670658,1.926060606060606,0.3416363636363636,35.24759036144579,43.16867469879518,,,,,5794,1289,573,26.282035928143717,72.67065868263474,262177
2024,13,嘉義縣,66.02994011976048,1.7259036144578312,0.2987650602409638,35.43556231003039,45.70783132530121,,,,,9762,976,470,25.929041916167662,79.75748502994011,478786
2024,13,基隆市,52.49700598802395,1.2036144578313257,0.4087878787878788,30.689090909090908,26.150602409638555,,,,,6820,1268,754,22.709580838323355,81.82634730538922,361441
2024,13,宜蘭縣,49.16467065868263,0.7439393939393939,0.3458006042296072,33.90757575757576,30.82831325301205,,,,,10202,2330,1505,23.13802395209581,83.75149700598803,449212
2024,13,屏東縣,50.84790419161676,0.8218026796589526,0.2399637243047158,38.028295042321645,31.02905569007264,,,,,14680,2636,1138,26.68303393213573,78.40319361277446,789239
2024,13,彰化縣,66.71137724550898,1.556151035322777,0.3109168704156479,35.02347931873479,44.71549636803874,,,,,24262,5111,2284,25.282984031936127,77.83083832335329,1225675
2024,13,新北市,57.63519115614924,1.091857744501638,0.4718283582089552,29.938159738439985,32.21219171707771,,,,,91917,15188,5536,23.54054618036654,80.08649973,4047001
2024,13,新竹市,62.64670658682635,1.3716867469879517,0.3776506024096385,35.25151515151515,30.313253012048197,,,,,8539,3121,1546,24.517964071856287,76.83233532934132,457242
2024,13,新竹縣,64.22455089820359,1.0759878419452888,0.3106382978723404,35.92253086419753,30.00906344410876,,,,,14075,2374,1139,23.60988023952096,82.20958083832335,594641
2024,13,桃園市,56.17365269461078,1.449838536,0.4527157894736842,32.76649048625793,34.287211740041926,,,,,44018,9898,3503,23.561596806387225,81.4996008,2338648
2024,13,澎湖縣,51.26946107784431,0.3816455696202531,0.2468072289156626,46.660843373493975,21.55421686746988,,,,,1833,174,29,25.340119760479045,81.66467065868264,107901
2024,13,臺中市,61.633532934131736,1.410559006,0.3554468599033816,35.39082125603865,38.13647342995169,,,,,58046,16288,7935,25.79688622754491,73.58682634730539,2860601
2024,13,臺北市,59.57656116338751,1.088103448275862,0.5086528497409326,29.792739844425235,30.33677863910422,,,,,49243,10507,5608,23.090518962075848,78.80068434559453,2490869
2024,13,臺南市,59.33892215568862,1.1859205776173285,0.3087484957882069,35.167270531400966,41.831121833534375,,,,,28793,7371,3980,26.77564870259481,75.41317365269461,1858651
2024,13,臺東縣,34.377245508982035,0.680952381,0.2545757575757575,31.213939393939395,20.124620060790274,,,,,3827,735,275,24.10059880239521,82.01796407185628,210219
2024,13,花蓮縣,45.28143713,0.5506024096385542,0.2940361445783133,34.110240963855425,20.83734939759036,,,,,4683,1001,547,23.697005988023957,88.94011976047904,315374
2024,13,苗栗縣,60.33932135728543,1.7058467741935484,0.3144153225806451,36.759393939393945,35.42052314,,,,,13336,1761,719,24.29461077844311,78.96207584830339,532854
2024,13,連江縣,71.56287425,1.075609756097561,0.3101829268292683,51.31768292682927,33.839506172839506,,,,,168,55,24,18.1748503,77.97005988023952,13950
2024,13,金門縣,65.20958083832335,1.1765060240963856,0.3075609756097561,42.05030303030304,31.52409638554217,,,,,2092,136,72,21.667664670658684,81.19161676646706,143601
2024,13,雲林縣,60.24550898203593,1.424393939393939,0.2944242424242424,36.532272727272726,41.99546827794562,,,,,15382,2388,1276,25.818712574850306,78.41766467065868,658427
2024,13,高雄市,56.84431137724551,1.5042056074766357,0.3349204864359214,33.46149532710281,38.30065975494816,,,,,51388,7722,3120,27.336649428415893,76.09481037924152,2731412
2024,14,南投縣,64.97005988023952,1.0788423153692617,0.2410778443113772,28.3500998,30.977867203219315,,,,,7696,1781,860,26.19121756487026,76.87025948103793,472299
2024,14,嘉義市,61.80239520958084,1.7204819277108434,0.2435329341317365,30.102994011976048,31.15757575757576,,,,,4991,1167,479,27.05568862275449,72.36526946107784,262177
2024,14,嘉義縣,60.69760479041916,1.5577844311377245,0.2435928143712575,30.091616766467062,33.43674698795181,,,,,8325,839,348,26.73113772,78.52694610778443,478786
2024,14,基隆市,51.30538922155689,1.0427710843373494,0.3152121212121212,35.836746987951805,21.36419753,,,,,5459,1075,655,23.579503105590064,84.26086956521739,361441
2024,14,宜蘭縣,55.703592814371255,0.7323262839879154,0.3012312312312312,37.527190332326285,30.477203647416413,,,,,8399,1820,1093,24.449700598802394,85.05688622754491,449212
2024,14,屏東縣,55.27784431137725,0.8993742177722153,0.1879471788715486,30.69651860744298,31.70471464019851,,,,,12362,2170,854,28.015968063872258,70.84031936127745,789239
2024,14,彰化縣,62.07305389221557,1.4533734939759035,0.2282853717026379,30.44694610778443,34.483050847457626,,,,,20779,4441,1948,26.25084830339321,79.51596806387225,1225675
2024,14,新北市,58.96269000460617,1.0111319868482855,0.3845361305361305,32.18375468164794,27.95827473042663,,,,,74872,12470,4659,24.259490110687715,81.98905824714208,4047001
2024,14,新竹市,67.06586826347305,1.108383233532934,0.3017365269461078,32.447904191616765,25.82608695652174,,,,,6515,2310,1225,25.33473053892215,79.50898203592814,457242
2024,14,新竹縣,60.84730538922156,0.9633633633633634,0.2538438438438438,32.64259818731118,26.87804878048781,,,,,10473,1872,932,24.598502994011977,83.94011976047904,594641
2024,14,桃園市,60.46706586826348,1.4161616161616162,0.3744914400805639,31.1978,29.515212981744423,,,,,35214,8400,3051,24.313972055888225,83.21357285429141,2338648
2024,14,澎湖縣,51.125748502994014,0.7141935483870968,0.2079041916167664,37.02694610778443,20.425925925925927,,,,,1815,155,66,26.37604790419162,83.44311377245509,107901
2024,14,臺中市,59.25720384204909,1.1901001112347054,0.2719935691318328,29.221260683760683,30.07135135135135,,,,,47219,14709,7117,26.390988023952097,77.26107784431137,2860601
2024,14,臺北市,61.73738237810094,1.1162911611785096,0.4115364806866953,32.34562607204116,26.446660884648743,,,,,37044,7774,4019,23.871057884231536,79.88793840889649,2490869
2024,14,臺南市,59.03233532934132,1.133737864,0.2518280871670702,28.158524788391777,33.72,,,,,23512,6483,3360,27.50748502994012,75.21257485,1858651
2024,14,臺東縣,42.97005988023952,0.7816265060240963,0.2105105105105105,30.04071856287425,25.362537764350453,,,,,3167,536,247,25.70988023952096,76.15269461077844,210219
2024,14,花蓮縣,57.52095808383233,0.647239264,0.271840491,37.99509202453988,27.63975155279503,,,,,3487,650,359,24.917791411042945,87.43558282208589,315374
2024,14,苗栗縣,59.66866267,1.6218,0.23978,31.947105788423155,30.61646586345381,,,,,10631,1657,802,25.262075848303397,79.18762475049901,532854
2024,14,連江縣,69.8502994,0.8383233532934131,0.2731736526946107,47.32754491017964,30.08484848484849,,,,,81,27,12,17.607185628742517,88.53892215568862,13950
2024,14,金門縣,66.10778443113773,0.9170886075949368,0.2726219512195122,31.72,26.85185185185185,,,,,1613,93,57,20.694011976047904,93.48502994011976,143601
2024,14,雲林縣,57.883233532934135,1.2939849624060151,0.2335843373493975,30.81006006006006,33.76701966717096,,,,,13786,2144,1057,26.569760479041918,78.69161676646706,658427
2024,14,高雄市,60.49147858129894,1.6296570898980538,0.2670577367205543,28.01121365943701,32.52675663099116,,,,,43183,6825,2448,28.35733532934132,72.13323353293413,2731412
2024,15,南投縣,78.74650698602794,1.1502016129032258,0.3287298387096774,29.976171079429733,42.38911290322581,,,,,8435,1711,910,25.14730538922156,81.24750499001996,472299
2024,15,嘉義市,77.26946107784431,1.7133333333333334,0.3194578313253012,35.172289156626505,44.13253012048193,,,,,5586,1250,549,25.94670658682635,76.72455089820359,262177
2024,15,嘉義縣,75.10778443113773,1.9802431610942248,0.2903647416413374,36.90487804878049,47.78787878787879,,,,,9056,1009,517,25.436826347305388,79.58682634730539,478786
2024,15,基隆市,49.15568862275449,1.0686746987951807,0.3201807228915662,35.78606061,24.545454545454547,,,,,6368,1102,658,22.17365269461078,88.11976047904191,361441
2024,15,宜蘭縣,43.32634730538922,0.5568807339449541,0.2582066869300912,33.48262195121951,25.851063829787236,,,,,8800,2111,1375,23.39011976047904,89.01197605,449212
2024,15,屏東縣,50.18323353293413,0.8167487684729065,0.2127007299270073,36.09987908101572,30.544794188861985,,,,,14479,2445,1015,27.307584830339323,74.45508982035928,789239
2024,15,彰化縣,66.6251497,1.7106918238993711,0.3016625,36.48327044025157,45.12594458438287,,,,,21892,4841,2100,24.68218562874252,82.78892215568862,1225675
2024,15,新北市,58.28742515,1.0121882352941176,0.4262349117920148,33.49850046860356,31.414577530176416,,,,,83536,12831,5342,22.88597804391217,87.10947197,4047001
2024,15,新竹市,62,1.0593939393939396,0.3541566265060241,33.03575757575757,28.266666666666666,,,,,7388,2987,1615,23.552694610778445,82.42514970059881,457242
2024,15,新竹縣,59.01197604790419,0.8675925925925927,0.2976380368098159,32.77515337423313,27.81097561,,,,,12009,2059,1054,22.767065868263472,89.67065868263474,594641
2024,15,桃園市,57.99001996007984,1.4478170478170478,0.4462795477903392,32.26680455015512,32.54294478527607,,,,,40246,8919,3567,22.630249500998005,88.48502994011976,2338648
2024,15,澎湖縣,56.35928143712575,0.97625,0.2251219512195122,53.44347826086956,23.46385542168675,,,,,1754,138,74,25.038922155688624,78.65269461077844,107901
2024,15,臺中市,63.496007984031934,1.2300507614213196,0.3552923387096774,31.82816326530612,38.23076923076923,,,,,52542,15501,7565,24.85556886227545,81.40838323353294,2860601
2024,15,臺北市,61.59623609923011,1.1195993031358884,0.4471267361111111,33.30156657963447,30.70541958041958,,,,,44580,9515,5595,22.518812375249503,85.10607356715141,2490869
2024,15,臺南市,69.77604790419161,1.255719557195572,0.3022127139364303,34.94152334152334,45.04842615012107,,,,,27036,7488,3848,26.56571856287425,77.82934131736526,1858651
2024,15,臺東縣,32.69760479041916,0.6446483180428135,0.2015151515151515,31.73836858006042,19.42900302114804,,,,,3724,862,400,24.819461077844316,80.53592814371258,210219
2024,15,花蓮縣,44.23952095808383,0.6993939393939395,0.2536746987951807,33.7030303,19.03012048192771,,,,,3999,840,482,24.377844311377245,88.64071856287426,315374
2024,15,苗栗縣,60.03393213572854,1.560618556701031,0.3032860040567952,31.553830227743276,34.2,,,,,11580,1741,712,23.306786427145703,84.57485029940119,532854
2024,15,連江縣,75.91616766467065,0.9103030303030304,0.230060606,54.31515151515151,37.85454545454545,,,,,138,26,24,17.41257485,78.44311377245509,13950
2024,15,金門縣,71.08982035928143,1.5084848484848483,0.3142771084337349,44.01626506024096,33.03012048192771,,,,,2264,112,64,20.890196078431373,82.37125748502994,143601
2024,15,雲林縣,67.57035928143712,1.6255673222390317,0.277250755,37.70166919575114,46.05597579425113,,,,,14438,2261,1193,25.1999002,82.19061876247505,658427
2024,15,高雄市,62.84200829111009,1.516994382022472,0.318544776,33.84423617619494,38.68735417638824,,,,,48811,7912,2756,27.738205407367083,74.97818,2731412
2024,16,南投縣,67.61876248,0.8662576687116564,0.2383132530120482,31.287854251012146,36.00606060606061,,,,,7871,1619,873,27.22345309381237,76.46706586826348,472299
2024,16,嘉義市,58.07185628742515,1.2796296296296297,0.2304216867469879,33.65757575757576,33.22891566,,,,,5312,1296,589,28.025149700598803,71.68862275449102,262177
2024,16,嘉義縣,64.10778443113773,1.3846394984326018,0.2382882882882882,30.95301204819277,38.86404833836858,,,,,8541,1038,505,27.80718562874252,76.24251497005989,478786
2024,16,基隆市,56.77844311377245,1.1910179640718563,0.3202994011976048,35.037125748502994,32.07831325301205,,,,,5957,1146,695,26.10239520958084,80.48502994011976,361441
2024,16,宜蘭縣,51.37125748502994,0.712874251,0.27005988,31.20988023952096,30.936555891238672,,,,,8353,2181,1287,26.416467065868265,86.41616766467065,449212
2024,16,屏東縣,45.40239520958084,0.7498136645962733,0.1894444444444444,32.29671532846716,29.81044957472661,,,,,13670,2729,1167,28.410379241516967,72.99201596806387,789239
2024,16,彰化縣,66.00358852,1.647584541062802,0.2387410071942446,32.00481347773766,43.60434258,,,,,20757,4834,2129,27.30284431137725,79.500499,1225675
2024,16,新北市,62.42330723169047,1.0561113732892875,0.404573028,28.69155326137963,36.21737111007896,,,,,77218,12803,5406,26.17014607149338,81.50898203592814,4047001
2024,16,新竹市,64.31736526946108,1.2574850299401197,0.3151497005988024,29.15688622754491,31.04216867,,,,,6930,3080,1578,26.27185628742515,80.15568862,457242
2024,16,新竹縣,64.04790419161677,0.6726643598615917,0.2678443113772455,28.665165165165167,31.16060606060606,,,,,11064,2185,1088,24.94880239520958,87.55089820359281,594641
2024,16,桃園市,63.43113772,1.2347165991902835,0.3822389558232931,28.829929221435798,36.421370967741936,,,,,37484,8733,3409,25.623433133732537,83.90459081836327,2338648
2024,16,澎湖縣,48.10778443113772,0.806790123,0.2011111111111111,40.11288343558282,26.41358024691358,,,,,1646,182,77,27.48109756097561,78.79268292682927,107901
2024,16,臺中市,58.921157684630735,1.2289340101522843,0.2832998996990973,32.22409638554217,35.493467336683416,,,,,49468,15064,7499,27.839041916167663,74.69580838323354,2860601
2024,16,臺北市,65.03592814371258,0.9731814198071868,0.4541608996539792,28.61711322,35.498692240627726,,,,,41995,9893,5820,25.73676646706587,78.78280581693755,2490869
2024,16,臺南市,53.99281437125749,0.8362530413625304,0.2481432038834951,30.24441747572816,33.765700483091784,,,,,25498,7409,3676,28.149650698602795,76.67065868263474,1858651
2024,16,臺東縣,37.808383233532936,0.7766355140186916,0.192716049,26.9175,25.559270516717326,,,,,3215,798,423,26.987425149700595,78.06886228,210219
2024,16,花蓮縣,51.37125748502994,0.5,0.2269879518072289,29.824848484848488,25.81927710843373,,,,,3650,825,453,26.85508982035928,87.55089820359281,315374
2024,16,苗栗縣,60.50698602794411,1.5168016194331984,0.2573588709677419,31.24507042253521,35.467871485943775,,,,,11252,2015,841,26.22674650698603,79.91816367,532854
2024,16,連江縣,76.19161676646706,0.6576687116564417,0.2600613496932515,48.99382716049383,50.17575757575757,,,,,104,42,33,20.477844311377247,88.28143713,13950
2024,16,金門縣,71.59281437125749,1.0779141104294478,0.2496932515337423,35.542073170731705,38.72727272727273,,,,,1894,143,70,23.62095808383233,90.31736526946108,143601
2024,16,雲林縣,62.36377245508982,1.3942161339421613,0.2341229385307346,31.869079939668172,40.73524962178517,,,,,13260,2316,1215,27.66601796407186,78.29341317,658427
2024,16,高雄市,49.56195301704284,1.239079379990606,0.265229698,28.805172413793105,28.585468095016303,,,,,45655,8302,2974,28.650176918889493,75.24872981310106,2731412
2024,17,南投縣,53.87425149700599,0.8397959183673469,0.2598760330578512,26.06967871485944,25.07429718875502,,,,,7357,1482,883,25.07624750499002,84.02195608782435,472299
2024,17,嘉義市,54.80239520958084,1.635185185185185,0.263433735,30.026506024096385,24.187878787878788,,,,,5147,1243,518,26.819760479041918,76.13333333333334,262177
2024,17,嘉義縣,60.41017964071856,1.366564417177914,0.2809638554216867,29.340061162079515,28.75454545454545,,,,,8650,1035,532,26.69880239520958,80.71856287,478786
2024,17,基隆市,46.17964071856287,1.1858024691358025,0.3320858895705522,29.695,22.98795180722892,,,,,5884,1244,753,24.43473053892216,88.8502994,361441
2024,17,宜蘭縣,46.8502994,1.0819018404907974,0.2888990825688073,30.142987804878047,24.75,,,,,8820,2142,1270,25.15508982035928,89.42814371257485,449212
2024,17,屏東縣,50.046706586826346,0.795721271,0.2025153374233129,34.2985258,24.712212817412333,,,,,13697,2513,1054,27.209181636726548,77.95608782,789239
2024,17,彰化縣,58.46227545,1.4816849816849818,0.2682608695652174,31.06341463414634,27.56779661016949,,,,,21191,4637,2108,26.13557884231537,83.81736526946108,1225675
2024,17,新北市,56.443574389682176,0.9756846081208688,0.4470275314979001,27.05983992467043,26.88341848583372,,,,,79098,13587,5452,24.861304663400475,88.10342950462712,4047001
2024,17,新竹市,55.87425149700599,0.7644171779141103,0.3592073170731707,29.08695652173913,19.883435582822084,,,,,7402,2945,1612,25.298802395209577,82.52694610778443,457242
2024,17,新竹縣,52.93113772,0.7301639344262295,0.2835045317220543,28.447706422018346,20.86102719033233,,,,,12021,2173,1066,24.37365269461078,88.90718562874251,594641
2024,17,桃園市,55.34830339321357,1.102171664943123,0.4419191919191919,27.60303336703741,26.40283400809717,,,,,38301,8473,3394,24.556287425149694,89.06187625,2338648
2024,17,澎湖縣,54.125748502994014,0.7837349397590361,0.2226506024096385,44.77515151515152,18.945454545454545,,,,,1637,199,78,22.25121951219512,83.47014925373135,107901
2024,17,臺中市,52.59481037924152,1.1501516683518709,0.3158064516129032,30.938321536905967,23.932254802831142,,,,,49824,14371,7266,26.26802395209581,78.43473053892215,2860601
2024,17,臺北市,59.869974337040205,1.0256161971830986,0.4870286707211121,27.256495204882302,26.153643546971026,,,,,41839,9914,5690,24.44131736526946,84.53122326775022,2490869
2024,17,臺南市,55.10885167464115,1.0764488286066585,0.2755528255528255,28.496654275092936,28.38546798029557,,,,,26753,7567,3564,27.00873253493014,80.36576846307386,1858651
2024,17,臺東縣,38.31137724550898,0.4886503067484662,0.212090909,30.77222222222222,20.88821752265861,,,,,3317,826,433,25.859580838323357,81.21856287,210219
2024,17,花蓮縣,47.43712574850299,0.4920245398773006,0.2721212121212121,31.673006134969324,18.33093525179856,,,,,3637,759,429,25.61017964071856,88.30538922155688,315374
2024,17,苗栗縣,54.16167664670659,1.4911646586345382,0.2593158953722334,34.05030181086519,23.11445783,,,,,11589,1959,735,25.22135728542914,80.56387225548902,532854
2024,17,連江縣,69.23353293413173,0.8506024096385542,0.2939156626506024,53.56,32.84939759036145,,,,,107,52,41,19.32994011976048,85.80838323353294,13950
2024,17,金門縣,54.29940119760479,1.2765432098765432,0.2893333333333333,38.34848484848485,23.126506024096383,,,,,1872,121,70,22.98982035928144,93.59880239520956,143601
2024,17,雲林縣,56.63922155688623,1.1506870229007635,0.254251135,31.17678300455235,27.696646341463413,,,,,13241,2318,1164,26.541467065868265,84.55239520958084,658427
2024,17,高雄市,53.74217311233886,1.383042040623524,0.307758945,28.58878816793893,26.67785547785548,,,,,46101,8470,2990,27.412774451097803,79.44438395935403,2731412
2024,18,南投縣,51.17165668662675,0.9710526315789474,0.2690019960079841,35.10618762,25.85542168674699,,,,,8635,1527,931,25.79740518962076,81.18962075848303,472299
2024,18,嘉義市,53.34730538922156,1.692168674698795,0.30988024,35.554491017964075,27.602409638554217,,,,,5848,1448,560,26.47185628742515,77.28143713,262177
2024,18,嘉義縣,52.458083832335326,1.5109756097560976,0.2896407185628742,38.849848942598186,28.308157099697887,,,,,9630,1150,584,26.16497005988024,80.87125748502994,478786
2024,18,基隆市,39.89820359281437,1.0203592814371258,0.3156287425149701,37.86946107784431,19.36144578313253,,,,,6483,1266,738,24.62934131736527,83.60479041916167,361441
2024,18,宜蘭縣,39.23053892215569,0.8831831831831832,0.2737837837837837,36.78715596330275,19.23795180722892,,,,,10043,2308,1403,25.32365269461078,87.55089820359281,449212
2024,18,屏東縣,54.19880239520958,1.0242803504380475,0.230844553,44.02256097560976,25.641625615763548,,,,,15024,2721,1141,28.56596806387225,71.80239520958084,789239
2024,18,彰化縣,48.75209580838323,1.4152147239263804,0.2762815884476534,40.65090252707581,25.399276236429436,,,,,22839,4572,2063,25.707085828343317,82.53842315,1225675
2024,18,新北市,46.92261630584984,0.8708801498127341,0.3670060437006043,39.62237762237762,20.939972080037226,,,,,85509,13222,5604,25.427426964253318,79.51083287969516,4047001
2024,18,新竹市,48.23952095808383,1.144311377245509,0.3051497005988024,41.58502994011976,16.775757575757577,,,,,7854,2916,1720,25.848502994011977,76.52694610778443,457242
2024,18,新竹縣,46.67664670658683,0.8304878048780487,0.2538066465256797,41.52680722891567,16.522935779816514,,,,,12517,2213,1165,25.01197604790419,81.71257485,594641
2024,18,桃園市,46.00598802,1.1913669064748202,0.35496,40.75431726907631,19.81383519837233,,,,,42316,8728,3666,25.288423153692616,80.71057884231537,2338648
2024,18,澎湖縣,63.66467065868263,0.88373494,0.2178313253012048,56.040361445783134,16.812121212121212,,,,,1858,138,26,21.868387096774192,93.19230769,107901
2024,18,臺中市,43.46806387225549,1.1197154471544717,0.3029789368104313,37.48098591549296,21.64156626506024,,,,,53563,14413,7606,26.36059880239521,78.0502994,2860601
2024,18,臺北市,47.90932420872541,1.0061908856405848,0.4037328767123287,39.395442820292345,19.90751944684529,,,,,45689,9629,5430,25.06497005988024,75.78272027373824,2490869
2024,18,臺南市,52.06586826347306,1.0126213592233009,0.3185024154589372,36.52521109770808,29.57990314769976,,,,,30339,8296,4191,26.792764471057883,79.71906187624751,1858651
2024,18,臺東縣,38.75449101796407,1.000326797385621,0.2130838323353293,34.443373493975905,20.09638554216868,,,,,3487,840,416,26.74071856287425,80.18562874251496,210219
2024,18,花蓮縣,45.38922155688623,0.6802395209580838,0.2694011976047904,37.43592814371257,16.548192771084338,,,,,3931,849,488,25.888622754491017,87.67664670658682,315374
2024,18,苗栗縣,45.32335329341317,1.545490981963928,0.2460160965794768,42.05531062124248,19.559356136820927,,,,,12433,1971,876,25.26666666666667,77.98602794411177,532854
2024,18,連江縣,60.946107784431135,0.7766467065868263,0.2216167664670658,56.26646706586826,25.57831325301205,,,,,135,46,32,19.707784431137725,79.82634730538922,13950
2024,18,金門縣,57.221556886227546,1.151219512195122,0.2496407185628742,51.67724550898204,19.13855421686747,,,,,1990,103,75,22.864670658682638,83.67065868263474,143601
2024,18,雲林縣,49.52844311377245,1.320211161387632,0.2581681681681682,41.12477477477477,26.832579185520363,,,,,14600,2488,1215,26.195359281437124,83.25898203592814,658427
2024,18,高雄市,54.22432058959005,1.6481412639405206,0.3559833795013851,36.97782931,29.21003717472119,,,,,52734,8219,3033,28.122223734349483,73.38500272182907,2731412
2024,19,南投縣,75.61477045908184,1.2519114688128774,0.2967871485943775,40.53661971830986,40.97991967871486,,,,,9453,1324,854,26.766467065868262,75.84530938123753,472299
2024,19,嘉義市,76.19161676646706,2.178181818181818,0.3408484848484848,41.24121212121212,45.54216867469879,,,,,5978,1461,591,27.58862275449102,71.82634730538922,262177
2024,19,嘉義縣,71.37724550898204,1.8465045592705167,0.2945625,43.77347561,43.52870090634441,,,,,10531,1200,623,27.15508982035928,71.40119760479043,478786
2024,19,基隆市,59.73053892215569,1.127710843373494,0.319156627,48.553333333333335,26.07831325301205,,,,,6696,1220,809,25.608982035928143,75.79640718562874,361441
2024,19,宜蘭縣,47.23053892215569,1.1681818181818182,0.2847272727272728,41.98024316109422,24.936746987951807,,,,,11278,2361,1507,25.961077844311376,78.31137724550898,449212
2024,19,屏東縣,59.78443113772455,0.9897058823529412,0.2257645631067961,46.38592233009709,31.57951807228916,,,,,16334,2846,1310,28.602794411177648,70.36127744510978,789239
2024,19,彰化縣,66.38443113772455,1.8579078455790785,0.3368891687657431,41.07877652933833,44.51481481481481,,,,,24664,4429,2186,26.53478043912176,77.73353293413173,1225675
2024,19,新北市,65.30907415937357,1.1743110695936478,0.3841861552853133,46.83341132428638,30.56730321378668,,,,,91061,12493,5933,26.137883324260567,71.65481763745237,4047001
2024,19,新竹市,65.53293413173652,1.44,0.3576969696969697,42.32121212121212,28.93975903614458,,,,,8159,2850,1780,26.44850299401197,69.88023952095809,457242
2024,19,新竹縣,67.44910179640719,1.3911585365853658,0.2931306990881459,45.24285714285714,28.768996960486323,,,,,13239,2097,1155,25.579640718562874,73.77544910179641,594641
2024,19,桃園市,64.92215568862275,1.5268958543983822,0.4078931451612903,45.75819838,32.428140703517585,,,,,45094,7709,3529,25.982115768463075,71.73413173652695,2338648
2024,19,澎湖縣,68.72455089820359,1.047590361445783,0.227289157,57.87590361445783,20.048192771084334,,,,,2098,130,30,26.389221556886227,86.55089820359281,107901
2024,19,臺中市,65.11077844311377,1.3872708757637473,0.3548020304568528,40.10727272727272,38.46619576185671,,,,,56632,13801,7611,27.17440119760479,72.53072289156627,2860601
2024,19,臺北市,65.39606501283149,1.2366233766233763,0.4054458874458874,47.52093639575971,29.86316695,,,,,47497,9286,5913,25.63253493013972,69.11548331907613,2490869
2024,19,臺南市,64.44550898203593,1.1519277108433734,0.2937951807228915,41.62442563482467,42.80579010856454,,,,,32440,8413,4224,27.87934131736527,74.61676646706587,1858651
2024,19,臺東縣,38.88622754491018,0.9362804878048782,0.2136585365853658,37.84860681114552,22.42378048780488,,,,,3829,867,442,26.00808383233533,76.61676646706587,210219
2024,19,花蓮縣,47.75449101796407,0.6650306748466258,0.2543636363636363,40.78373493975904,19.26060606060606,,,,,4505,866,582,25.75808383233533,81.80239520958084,315374
2024,19,苗栗縣,63.243512974051896,1.6070281124497992,0.2905220883534136,43.30302419354839,33.54016064257028,,,,,13001,1717,818,25.68043912175649,74.28343313373254,532854
2024,19,連江縣,73.95808383233533,1.0602409638554218,0.3068674698795181,56.50666666666667,30.533742331288344,,,,,107,22,14,21.35988023952096,77.72455089820359,13950
2024,19,金門縣,76.16167664670658,1.356097561,0.2966666666666667,54.222424242424246,32.18674698795181,,,,,1976,111,81,24.72215568862276,75,143601
2024,19,雲林縣,69.93712575,1.7374429223744292,0.3054878048780488,42.977492447129904,44.79305135951662,,,,,15547,2289,1231,27.080139720558883,77.88872255489022,658427
2024,19,高雄市,61.80101335789959,1.579660217,0.3134654850746269,42.284475524475525,37.22248026010218,,,,,55225,8165,3283,28.80272636545092,71.00512611141353,2731412
2024,20,南投縣,72.13737373737374,1.2991902834008096,0.2782828282828283,44.22848484848485,39.01832994,,,,,9618,1442,954,25.690243902439025,73.22626262626262,472299
2024,20,嘉義市,68.71515151515152,2.5103658536585365,0.3086666666666666,45.04878048780488,47.28048780487805,,,,,6489,1448,633,26.191463414634143,66.64242424242424,262177
2024,20,嘉義縣,68.76060606060607,2.1904615384615385,0.2566564417177914,48.91748466257669,47.60550458715596,,,,,11282,1264,750,25.54786585365854,63.87878787878788,478786
2024,20,基隆市,49.096969696969694,1.201840490797546,0.2690853658536585,43.28475609756097,29.21951219512195,,,,,6488,1195,825,22.80243902439024,78.25609756,361441
2024,20,宜蘭縣,44.15151515151515,1.1807453416149067,0.2170212765957447,41.551829268292686,27.604294478527606,,,,,11600,2359,1665,23.79030303030303,76.7030303,449212
2024,20,屏東縣,71.11151515151515,1.0140506329113923,0.2182592592592592,53.00184501845018,37.52136752136752,,,,,16558,2763,1258,27.64353535353536,71.47979797979798,789239
2024,20,彰化縣,64.41090909090909,1.999127182044888,0.2603367875647668,49.58739184177997,44.04145728643216,,,,,25725,4197,2313,25.233180894308944,70.31313131313131,1225675
2024,20,新北市,57.35524475524476,1.0891509433962263,0.3256238273921201,43.65487059,33.54674220963173,,,,,91811,11933,6118,23.670440771349863,71.37415212733394,4047001
2024,20,新竹市,61.2969697,1.6835365853658537,0.2904268292682927,48.62439024390244,31.97560975609756,,,,,8387,3048,2026,24.59939024390244,67.94936709,457242
2024,20,新竹縣,64.34545454545454,1.285173501577287,0.2385670731707317,48.35640243902439,30.664634146341463,,,,,13843,2066,1160,23.72030303030303,72.87730061349693,594641
2024,20,桃園市,56.23737373737374,1.629356846473029,0.344480987,45.970093457943925,34.669734151329244,,,,,45257,7371,3716,23.51022222222222,70.00989898989899,2338648
2024,20,澎湖縣,76,1.1993788819875777,0.1799378881987577,61.452173913043474,24.404907975460123,,,,,2116,204,90,25.60121951219513,77.60975609756098,107901
2024,20,臺中市,59.00606060606061,1.382974358974359,0.2758012170385395,46.232008154943934,36.36012207527976,,,,,58304,13936,8586,25.69776422764228,65.74585858585858,2860601
2024,20,臺北市,56.251948051948055,1.0642482517482517,0.3621496953872933,43.03482064741908,31.85839160839161,,,,,48893,8944,6168,23.11620202020202,70.39151515151515,2490869
2024,20,臺南市,69.25333333333333,1.7795620437956203,0.2874060606060606,46.606723716381424,51.16219512195122,,,,,33596,7895,4225,26.476969696969697,68.46363636363637,1858651
2024,20,臺東縣,45.02424242424242,0.6222560975609756,0.2101223241590214,41.78593272171254,27.75840978593272,,,,,3933,769,441,24.77090909090909,76.81818181818181,210219
2024,20,花蓮縣,51.95757575757576,0.9163636363636364,0.2356969696969697,43.55939393939394,28.945121951219512,,,,,4936,838,570,24.590243902439024,80.10303030303031,315374
2024,20,苗栗縣,60.88080808080808,1.7402834008097168,0.23208502,48.87004048582996,33.359756097560975,,,,,13051,1748,894,23.797154471544715,71.63131313131312,532854
2024,20,連江縣,65.64848484848486,1.1787878787878787,0.2323030303030303,57.64242424242424,33.21341463414634,,,,,145,30,23,20.644848484848485,65.32926829268293,13950
2024,20,金門縣,69.95151515151515,1.809090909090909,0.2305454545454545,55.23780487804878,35.957317073170735,,,,,1855,78,57,23.933333333333334,59.8375,143601
2024,20,雲林縣,67.34545454545454,1.8557427258805512,0.2476407914764078,49.98429878,45.535987748851454,,,,,16112,2088,1268,25.589343434343437,72.4530303,658427
2024,20,高雄市,74.31981351981352,1.8120247148288973,0.3366979802724283,48.29141651031895,48.010849056603774,,,,,55799,7934,3439,27.960693296602383,68.45693296602389,2731412
2024,21,南投縣,48.65269461077844,0.906060606,0.2548192771084338,25.781578947368423,28.044176706827308,,,,,8669,1373,893,26.131536926147707,86.50099800399201,472299
2024,21,嘉義市,60.66467065868263,2.471686746987952,0.2891566265060241,28.48554217,33.56024096385542,,,,,5878,1302,645,27.762874251497003,80.07185628742515,262177
2024,21,嘉義縣,68.08083832335329,1.7901234567901234,0.2635889570552147,28.04875776397516,38.03669724770642,,,,,10003,1165,671,27.51497005988024,79.92215568862275,478786
2024,21,基隆市,25.820359281437124,0.5066666666666666,0.2312727272727273,21.909756097560976,12.349397590361448,,,,,5676,1195,856,25.217964071856287,92.07784431137723,361441
2024,21,宜蘭縣,24.122754491017965,0.6801223241590214,0.2043292682926829,23.78201219512195,12.854545454545455,,,,,10205,2056,1483,26.039520958083838,93.22155688622756,449212
2024,21,屏東縣,47.18083832335329,0.9572319201995012,0.1967073170731707,33.178368355995055,26.38095238095238,,,,,15078,2637,1208,28.98732535,76.31437125748504,789239
2024,21,彰化縣,56.52455089820359,1.7748768472906404,0.2938760631834751,29.14205378973105,34.65060240963855,,,,,22675,3825,2244,27.40244510978044,88.06387225548902,1225675
2024,21,新北市,33.16950713956702,0.7132929104477612,0.3576894467689446,22.29995335820896,14.516024152345564,,,,,81828,10953,5827,26.04537742696425,89.33734349482852,4047001
2024,21,新竹市,31.88622754491018,0.7265432098765432,0.3026506024096386,26.117682926829268,14.08433734939759,,,,,7478,2782,1796,26.74910179640719,81.73652694610779,457242
2024,21,新竹縣,42.27245508982036,0.6461783439490446,0.2474320241691843,24.152567975830816,17.018072289156628,,,,,12017,2016,1156,25.772155688622757,90.27245508982035,594641
2024,21,桃園市,34.228542914171655,1.249746192893401,0.3737411526794742,22.419187817258884,16.274371859296483,,,,,39382,6621,3384,25.69131736526946,87.93912175648703,2338648
2024,21,澎湖縣,36.49101796407186,0.836196319,0.1780379746835443,39.39259259259259,11.736842105263158,,,,,2028,134,61,27.026060606060607,95.89090909090908,107901
2024,21,臺中市,52.91317365269461,1.164430894308943,0.325055388,28.56977459016393,29.02814070351759,,,,,52263,12586,7937,27.70347305389221,80.99640718562874,2860601
2024,21,臺北市,33.770744225834044,0.7912049252418646,0.3853032928942807,21.06255506607929,13.692107545533393,,,,,42779,8605,5893,25.64241516966068,87.57313943541489,2490869
2024,21,臺南市,69.16646706586826,1.3260975609756098,0.2972141119221411,30.504773561811508,39.94444444444444,,,,,29659,7288,4106,28.248552894211574,80.47504990019961,1858651
2024,21,臺東縣,22.74850299401197,0.4825688073394495,0.1556325301204819,22.722727272727276,13.21818181818182,,,,,3681,676,356,26.929041916167662,85.55389221556887,210219
2024,21,花蓮縣,29.706586826347305,0.7103658536585366,0.2231927710843373,25.26445783,11.26060606060606,,,,,4555,760,505,26.517964071856287,92.38922155688624,315374
2024,21,苗栗縣,44.71057884231537,1.424949290060852,0.2507676767676767,27.72959183673469,22.243460764587525,,,,,11621,1456,784,26.06127744510978,85.85828343313374,532854
2024,21,連江縣,40.622754491017965,0.6114457831325302,0.1522289156626506,41.40303030303031,17.19277108433735,,,,,145,23,21,21.71437125748503,93.40718562874252,13950
2024,21,金門縣,46.23952095808383,1.06625,0.27975,33.083229813664595,17.271084337349397,,,,,1534,56,45,23.34457831325301,90.78443113772455,143601
2024,21,雲林縣,53.790419161676645,1.469076923076923,0.2484939759036144,28.573141122913505,34.470499243570345,,,,,14224,1811,1119,27.424750499001995,88.04690618762476,658427
2024,21,高雄市,60.59880239520958,1.629513564078578,0.3287140204271123,31.49229332087809,34.401582131223826,,,,,52239,7548,3419,29.061177644710583,74.72169298,2731412
2024,22,南投縣,38.94411177644711,0.8377245508982035,0.2153892215568862,21.156136820925557,25.076305220883533,,,,,8223,1476,917,27.108383233532937,88.19560878243513,472299
2024,22,嘉義市,39.041916167664674,1.632934131736527,0.2288622754491018,24.723952095808382,26.25301204819277,,,,,5644,1319,595,28.24850299401197,83.35928143712574,262177
2024,22,嘉義縣,43.221556886227546,1.2589123867069487,0.2244311377245508,24.255182926829267,27.45619335347432,,,,,9505,1085,622,28.13323353293413,79.85628743,478786
2024,22,基隆市,35.44311377245509,1.1395209580838324,0.2757485029940119,28.945508982035925,23.512048192771083,,,,,6247,1299,838,26.07365269461078,86.2994012,361441
2024,22,宜蘭縣,29.068862275449103,0.8793939393939394,0.2253293413173653,26.548012232415903,22.338368580060425,,,,,10109,2312,1518,26.76077844311377,88.7994012,449212
2024,22,屏東縣,29.4251497,0.5824341279799247,0.1427370948379351,24.188349514563107,18.365617433414045,,,,,15087,2617,1188,28.769461077844312,81.65668663,789239
2024,22,彰化縣,41.01077844311377,1.2295893719806763,0.2133253301320528,26.25048309178744,26.81544028950543,,,,,22179,3994,2114,28.237425149700595,85.33083832335329,1225675
2024,22,新北市,40.87609396591432,0.8614597861459786,0.3623553910226746,28.143906976744187,24.573023255813958,,,,,84746,11559,5804,26.784461077844316,83.98300368959052,4047001
2024,22,新竹市,36.08982035928144,0.7301204819277108,0.26994012,29.87590361445783,19.266666666666666,,,,,7444,3004,1902,27.686826347305388,77.89221556886227,457242
2024,22,新竹縣,42.35928143712575,0.8957957957957958,0.2079341317365269,29.122658610271905,21.126506024096383,,,,,12201,2202,1056,26.820958083832338,83.33532934131736,594641
2024,22,桃園市,39.39421157684631,1.2004044489383217,0.3449045226130653,27.316089613034624,23.61345381526104,,,,,40430,6981,3220,26.60868263473054,82.54111776447105,2338648
2024,22,澎湖縣,33.76047904191617,0.9518072289156626,0.1703592814371257,33.43413173652694,13.21818181818182,,,,,1890,128,68,27.980838323353293,93.31137724550898,107901
2024,22,臺中市,37.94810379241517,1.0547208121827412,0.2510341365461847,25.096969696969698,22.418090452261307,,,,,50974,12128,7163,28.28718562874252,80.10658683,2860601
2024,22,臺北市,39.24636441402909,0.9933936651583712,0.3811389128559103,26.404235090751943,21.52155172413793,,,,,45620,9129,5997,26.33473053892215,82.63781009409752,2490869
2024,22,臺南市,38.50658683,0.8146732429099878,0.2235928143712574,21.196047904191616,24.002409638554216,,,,,30153,8279,4205,28.567664670658683,82.27245508982035,1858651
2024,22,臺東縣,24.04491017964072,0.444,0.1528443113772455,21.85242424242424,18.629518072289155,,,,,3543,739,419,27.37544910179641,85.07784431137725,210219
2024,22,花蓮縣,31.209580838323355,0.5898203592814372,0.2123952095808383,26.83413173652695,17.584615384615386,,,,,4262,835,570,27.309580838323352,89.48502994011976,315374
2024,22,苗栗縣,37.24550898203593,1.2388777555110222,0.1974698795180723,29.458517034068134,19.59758551307847,,,,,11872,1608,848,26.922155688622755,79.86826347305389,532854
2024,22,連江縣,51.76047904191617,0.741566265,0.1844311377245509,46.54251497005989,21.343373493975903,,,,,122,23,18,23.188622754491018,81.80239520958084,13950
2024,22,金門縣,48.15568862275449,0.9952095808383232,0.2100606060606061,31.72694610778443,18.75301204819277,,,,,1512,44,33,24.83772455,85.68862275449102,143601
2024,22,雲林縣,40.98802395209581,1.344311377245509,0.2149251497005987,25.112180451127816,27.59063444108761,,,,,13783,1869,1064,28.343712574850297,86.54640718562874,658427
2024,22,高雄市,31.76370336250576,1.3935016362786348,0.2556449375866851,19.539507892293408,19.091542750929367,,,,,49732,7056,3174,29.023003992015965,81.21257485,2731412
2024,23,南投縣,42.37924151696607,0.7908722109533468,0.2507862903225806,28.79898580121704,23.24144869215292,,,,,9190,1658,983,25.779441117764478,91.25748502994011,472299
2024,23,嘉義市,46.73652694610779,1.564457831325301,0.2627710843373493,33.79397590361446,29.126506024096383,,,,,6128,1390,678,26.607784431137723,84.26347305389221,262177
2024,23,嘉義縣,50.81736526946108,1.522289156626506,0.2345481927710843,37.01807228915663,31.822289156626507,,,,,10439,1080,580,26.662874251497005,80.47604790419162,478786
2024,23,基隆市,39.26946107784431,0.8879518072289156,0.2342771084337349,38.266666666666666,16.674698795180724,,,,,6893,1134,688,24.21377245508982,87.25149700598803,361441
2024,23,宜蘭縣,37.88622754491018,0.7058823529411765,0.2262883435582822,35.31009463722397,17.707831325301203,,,,,10668,2676,1610,24.94071856287425,89.35628743,449212
2024,23,屏東縣,41.23113772,0.7425245098039216,0.1807627118644068,36.50376670716889,22.16183574879227,,,,,16254,2914,1308,27.773652694610774,83.83632734530937,789239
2024,23,彰化縣,48.780838323353294,1.4015853658536586,0.251504854,39.06189320388349,26.557831325301205,,,,,24254,4495,2179,26.367215568862274,88.39820359281437,1225675
2024,23,新北市,45.367572547213264,0.6946453734147487,0.3558606173994387,36.07384183434722,19.797486033519554,,,,,93360,12649,6073,24.49302304481945,86.14959172563964,4047001
2024,23,新竹市,36.10179640718563,0.5781818181818182,0.3036746987951807,35.286144578313255,13.271084337349398,,,,,7711,3159,1897,24.622754491017965,83.32335329341318,457242
2024,23,新竹縣,37.362275449101794,0.672171254,0.2514589665653495,35.09444444444445,16.042296072507554,,,,,12883,2404,1161,23.879640718562875,91.41616766467064,594641
2024,23,桃園市,41.34131736526946,0.9698151950718686,0.3761914460285132,34.980773143438455,17.68319838,,,,,43567,7616,3638,23.931397205588823,88.39001996007984,2338648
2024,23,澎湖縣,48.89221556886228,1.102112676056338,0.1803472222222222,52.82708333333333,13.17361111111111,,,,,2043,157,70,26.478620689655173,92.87586206896552,107901
2024,23,臺中市,40.33532934131737,1.0788990825688074,0.293164813,33.52298263534219,20.691842900302117,,,,,54548,12682,7411,26.427305389221555,85.57005988023953,2860601
2024,23,臺北市,45.51753635585971,0.902738516,0.3799397071490095,34.55441176470588,19.120481927710845,,,,,50178,9654,6286,24.07874251497006,85.75534644995723,2490869
2024,23,臺南市,48.19640718562874,0.8943765281173595,0.2480194410692588,33.70036855036855,28.91435464414958,,,,,32897,8480,4207,27.249401197604787,83.89520958083833,1858651
2024,23,臺東縣,33.08083832335329,0.7557926829268293,0.1795481927710843,32.09487951807229,19.120481927710845,,,,,3606,903,478,26.105389221556887,84.48203592814372,210219
2024,23,花蓮縣,38.23952095808383,0.7127272727272727,0.2464457831325301,38.22048192771084,18.560747663551403,,,,,4975,876,541,26.02814371257485,88.37724550898204,315374
2024,23,苗栗縣,35.27345309381238,1.2566191446028514,0.2322535211267605,34.34344262295082,15.311871227364184,,,,,12717,1490,802,24.30798403193613,88.91217565,532854
2024,23,連江縣,60.14371257,0.9012048192771084,0.2197575757575757,54.82048192771085,17.403614457831324,,,,,155,27,22,21.66347305389221,78.40119760479043,13950
2024,23,金門縣,51.46706586826348,1.2239263803680982,0.2669696969696969,50.25963855421687,13.53012048192771,,,,,1762,60,51,22.821556886227544,80.61676646706587,143601
2024,23,雲林縣,48.15718562874252,1.3360182370820668,0.2344175491679273,37.96830015313935,28.720543806646525,,,,,14665,2195,1234,26.55673652694611,88.92215568862275,658427
2024,23,高雄市,43.069092584062645,1.2838938891520608,0.2840064995357474,33.27610413761041,24.269158878504676,,,,,55730,8177,3257,27.977195608782434,82.12574850299401,2731412
2024,24,南投縣,26.65069860279441,0.7692,0.1491017964071856,15.519277108433736,17.32128514056225,,,,,9024,1599,873,28.20319361277445,85.64271457085829,472299
2024,24,嘉義市,21.646706586826348,1.106666666666667,0.1258083832335329,20.76848484848485,15.475903614457833,,,,,5801,1268,570,29.319760479041918,78,262177
2024,24,嘉義縣,28.39820359281437,1.0756923076923075,0.1499079754601227,20.304601226993867,20.07902736,,,,,10407,1093,618,29.51886228,76.23053892215569,478786
2024,24,基隆市,24.81437125748503,1.110843373493976,0.2612574850299401,19.22951807228916,16.656626506024097,,,,,6825,890,418,29.307784431137723,78.25149700598803,361441
2024,24,宜蘭縣,27.09880239520958,0.7453453453453454,0.2334131736526946,22.156586826347304,20.183734939759034,,,,,10291,2534,1455,29.04371257,85.47005988023952,449212
2024,24,屏東縣,26.46946107784431,0.5196950444726811,0.1324197530864197,20.78622828784119,21.28411910669975,,,,,16062,2840,1301,29.415469061876248,83.20858283433134,789239
2024,24,彰化縣,27.43473053892216,0.9758162031438936,0.1278031212484994,21.23810096153846,19.30072463768116,,,,,24008,4491,2171,29.652544910179643,86.27994011976048,1225675
2024,24,新北市,30.474896361123907,0.7047685834502104,0.2817880485527544,19.579065420560745,18.85240541802896,,,,,92767,13665,5912,30.13550353837779,72.98268917,4047001
2024,24,新竹市,22.167664670658684,0.645751634,0.1840490797546012,22.854088050314463,12.421686746987952,,,,,7482,3187,1704,30.35508982035928,74.36526946107784,457242
2024,24,新竹縣,26.51197604790419,0.6704615384615384,0.1436,21.42293577981652,15.533742331288344,,,,,12873,2389,1038,29.289520958083838,77.96407185628742,594641
2024,24,桃園市,25.736526946107784,0.6849746192893401,0.2242885973763875,21.963015075376884,16.231079717457114,,,,,42943,7901,3375,29.77315369261477,75.57964071856287,2338648
2024,24,澎湖縣,26.70059880239521,1.5748502994011977,0.1408383233532934,20.843975903614457,12.578313253012048,,,,,1977,180,70,30.28443113772455,87.80239520958084,107901
2024,24,臺中市,23.587824351297407,0.8567676767676768,0.184004004,20.494884653961886,15.181909547738693,,,,,52677,13033,7391,29.56937125748503,79.15928143712576,2860601
2024,24,臺北市,30.66552609067579,0.8496124031007751,0.3597420464316423,18.50266552020636,18.013309671694763,,,,,48472,9379,5700,29.782255489021956,71.43264899,2490869
2024,24,臺南市,24.476646706586827,0.5120336943441637,0.161115108,17.519064748201437,15.483229813664597,,,,,31069,7720,3819,29.089471057884232,83.91716566866268,1858651
2024,24,臺東縣,24.760479041916167,0.7528528528528529,0.1568862275449101,20.29461077844311,22.61631419939577,,,,,3693,774,379,29.537125748502994,79.76946107784431,210219
2024,24,花蓮縣,24.275449101796408,0.5549382716049384,0.2173006134969325,22.25776397515528,14.524096385542167,,,,,5173,1031,514,28.971257485029938,88.01796407185628,315374
2024,24,苗栗縣,24.512974051896208,1.1610441767068274,0.134578313,24.00907258064516,13.975806451612904,,,,,12175,1763,820,29.20419161676647,75.64071856287426,532854
2024,24,連江縣,35.449101796407184,0.4542168674698795,0.1294267515923567,33.60179640718563,20.50602409638554,,,,,130,33,20,25.106586826347307,94.71856287,13950
2024,24,金門縣,26.856287425149706,0.633939394,0.1025324675324675,25.07305389221557,14.126506024096386,,,,,1655,58,39,27.308982035928143,91.99401198,143601
2024,24,雲林縣,24.290419161676645,1.1717011128775834,0.1447058823529411,19.963414634146343,17.561270801815432,,,,,14502,2064,1075,29.73822355289421,84.92215568862275,658427
2024,24,高雄市,26.063565177337637,1.0227972027972028,0.2048955916473318,15.675428042572882,17.068869241507677,,,,,56176,8411,3083,29.582148430411905,82.37856106,2731412
2024,25,南投縣,33.71457085828343,0.8525252525252526,0.143030303,17.229817444219066,18.76861167002012,,,,,9969,1888,998,28.91826347305389,80.61277445,472299
2024,25,嘉義市,23.81437125748503,1.2378048780487805,0.1309756097560975,19.92452830188679,16.19277108433735,,,,,5834,1379,592,30.96047904191617,72.80239520958084,262177
2024,25,嘉義縣,27.577844311377245,1.1870481927710843,0.1345619335347432,17.52716049382716,20.204819277108435,,,,,10361,1177,669,31.239520958083837,70.1497006,478786
2024,25,基隆市,29.89820359281437,1.0886792452830187,0.2642944785276073,16.86790123,21.433734939759034,,,,,7480,989,598,29.127777777777776,85.09146341463415,361441
2024,25,宜蘭縣,27.907185628742518,0.7147692307692308,0.2091717791411043,17.412852664576803,22.92476489028213,,,,,11387,2840,1483,29.963636363636365,84.46686746987952,449212
2024,25,屏東縣,20.96886228,0.6278054862842892,0.1026894865525672,16.106019656019654,14.965853658536586,,,,,18260,3234,1338,30.904491017964077,76.08582834331338,789239
2024,25,彰化縣,27.674251497005987,1.3408980582524272,0.1225091352009744,17.623975903614458,21.032569360675517,,,,,24764,4727,2268,31.02634730538922,81.21257485,1225675
2024,25,新北市,37.984339014279136,0.7932187201528176,0.3312770970782281,18.603438395415477,22.14332247557003,,,,,102597,14689,6479,29.69134110566745,81.22755851932499,4047001
2024,25,新竹市,20.449101796407184,0.8115384615384615,0.1869696969696969,16.06993865030675,12.174698795180722,,,,,7430,3335,1963,30.80242424242424,77.80722891566265,457242
2024,25,新竹縣,31.37125748502994,0.6204620462046204,0.1460371517027864,16.83250773993808,15.74390243902439,,,,,13525,2429,1132,29.75628743,81.77544910179641,594641
2024,25,桃園市,27.64570858283433,0.7805208333333333,0.2755861365953109,16.833162217659137,17.269617706237426,,,,,47118,8349,3561,30.09798403193613,79.28323353293413,2338648
2024,25,澎湖縣,16.94610778443114,0.77625,0.1183333333333333,17.996894409937887,6.646341463414634,,,,,2424,182,82,30.916564417177916,87.5398773,107901
2024,25,臺中市,25.29740518962076,1.0034412955465586,0.186751012,18.73580874872838,17.17788944723618,,,,,57555,14169,7619,30.750229540918163,75.05,2860601
2024,25,臺北市,37.372968349016254,0.8878093492208983,0.3879245283018868,18.518264014466546,22.295475530932595,,,,,53927,10460,6366,29.103023952095807,80.82674650698603,2490869
2024,25,臺南市,24.05508982035928,0.7659340659340659,0.1466464155528554,15.75995145631068,15.871084337349398,,,,,34991,8619,4182,31.25364271457086,74.53692614770459,1858651
2024,25,臺東縣,23.577844311377245,0.7804953560371517,0.1239577039274924,14.662996941896026,19.779456193353475,,,,,3897,943,443,30.09580838323353,79.29341317,210219
2024,25,花蓮縣,23.694610778443117,0.6578231292517007,0.1534969325153374,15.945911949685534,16.715151515151515,,,,,5476,1287,592,29.62901234567901,88.36585365853658,315374
2024,25,苗栗縣,26.43313373253493,1.294939271255061,0.143050505,20.07505070993915,14.859154929577464,,,,,12577,1707,812,29.97744510978044,76.26147704590818,532854
2024,25,連江縣,29.82634730538922,0.5632530120481928,0.1066666666666666,29.689634146341465,14.873493975903614,,,,,144,31,13,25.529878048780485,90.06707317,13950
2024,25,金門縣,18.065868263473053,0.9432926829268292,0.083875,16.562576687116565,6.315151515151515,,,,,2061,97,52,28.422699386503066,90.60365853658536,143601
2024,25,雲林縣,24.23802395209581,1.0448170731707316,0.1299694656488549,17.08528072837633,18.15022761760243,,,,,15480,2160,1105,31.218413173652696,78.32335329341318,658427
2024,25,高雄市,23.066328880700137,1.2600373482726424,0.1667800559179869,13.768600842302291,15.728584729981378,,,,,62139,9694,3334,31.451719288695337,74.77844311377245,2731412
2024,26,南投縣,30.366459627329192,0.8732067510548522,0.1379957805907173,23.14503171247357,17.347916666666666,,,,,9969,1976,920,29.32122153209109,75.28985507246377,472299
2024,26,嘉義市,26.627329192546583,1.1655844155844155,0.1435849056603773,24.508805031446546,17.3,,,,,6216,1440,623,30.857861635220125,69.66666666666667,262177
2024,26,嘉義縣,29.055900621118013,1.4220820189274448,0.1477358490566037,22.54376996805112,21.025078369905955,,,,,10468,1205,683,31.24813664596273,66.68322981,478786
2024,26,基隆市,26.149068322981368,1.542857142857143,0.224223602,20.506832298136647,18.56875,,,,,7791,923,485,30.216770186335403,77.42236025,361441
2024,26,宜蘭縣,22.940993788819878,0.6692063492063492,0.2064984227129337,18.065064102564104,19.209375,,,,,11817,3096,1621,30.78726708074534,76.45962732919254,449212
2024,26,屏東縣,21.874534161490683,0.7128700128700128,0.093598938,19.11219512195122,15.259723964868256,,,,,18480,3370,1431,31.03333333333333,73.54037267080746,789239
2024,26,彰化縣,29.593788819875776,1.3403307888040712,0.1290747782002534,23.86388888888889,21.030150753768844,,,,,25360,4946,2138,31.30139751552795,75.45341614906832,1225675
2024,26,新北市,34.16244624940277,0.8414975845410628,0.3137192474674385,21.86242746615087,20.46459747817653,,,,,104431,16006,6506,29.93961509504988,77.96295878035008,4047001
2024,26,新竹市,23.93167701863354,0.7888198757763976,0.186583851,22.675155279503105,13.7875,,,,,7687,3366,1886,31.016250000000003,73.0375,457242
2024,26,新竹縣,29.282608695652176,0.6258899676375405,0.1506089743589743,24.03215434083601,16.16875,,,,,13479,2529,1120,30.07639751552795,77.05900621118012,594641
2024,26,桃園市,28.71221532091097,0.976649215,0.2713513513513513,22.47539103232534,17.373821989528796,,,,,47568,8854,3439,30.137267080745342,76.64906832298136,2338648
2024,26,澎湖縣,22.211180124223603,1.8571428571428568,0.1187179487179487,22.63096774193549,8.802547770700636,,,,,2365,202,86,31.61625,83.8375,107901
2024,26,臺中市,25.20600414078675,1.0518518518518518,0.1781856540084388,23.55594479830149,16.684430512016718,,,,,59578,15221,7882,31.21789855072464,69.98757763975155,2860601
2024,26,臺北市,34.37211367673179,0.8230910763569458,0.3891304347826087,20.43517179023508,19.71880650994575,,,,,53639,10661,6264,29.27362319,78.89603667553978,2490869
2024,26,臺南市,25.650931677018637,0.8421119592875318,0.1431994981179422,20.779596977329973,17.357142857142858,,,,,35625,8724,3972,31.121169772256728,72.86387163561076,1858651
2024,26,臺東縣,15.944099378881988,0.7686900958466454,0.097949527,12.621974522292994,14.58125,,,,,3869,1024,423,30.164779874213835,78.053125,210219
2024,26,花蓮縣,16.546583850931675,0.636986301,0.1191875,14.30759493670886,13.7625,,,,,5650,1383,581,30.067701863354035,86.55279503,315374
2024,26,苗栗縣,26.347826086956523,1.2755230125523014,0.1318371607515657,25.20960334029228,15.060416666666669,,,,,13055,1658,801,30.216770186335403,72.77225672877847,532854
2024,26,連江縣,30.006211180124225,0.6754716981132076,0.1171140939597315,28.82,18.51572327044025,,,,,145,41,23,27.738993710691823,83.31875,13950
2024,26,金門縣,21.142857142857142,0.7872611464968152,0.079810127,19.30375,8.3125,,,,,2220,124,45,29.9175,81.725,143601
2024,26,雲林縣,27.088509316770185,1.3210776545166405,0.1335917721518987,22.30695102685624,20.28325508607199,,,,,15538,2035,1059,31.374948240165637,76.48706004140786,658427
2024,26,高雄市,25.776875298614428,1.4899059871350817,0.1777183513248282,19.822986247544204,19.5712188,,,,,61860,10209,3191,31.72707068466385,71.39181254,2731412
2024,27,南投縣,29.45309381237525,0.8516260162601627,0.1361866125760649,24.210794297352344,16.919354838709676,,,,,9363,2100,929,29.46437125748503,74.88822355289422,472299
2024,27,嘉義市,25.12574850299401,1.183132530120482,0.1426347305389221,24.91445783,14.524096385542167,,,,,6061,1317,594,30.62395209580838,72.71257485,262177
2024,27,嘉義縣,27.895209580838323,1.4158054711246202,0.1340909090909091,21.645846153846158,18.541818181818183,,,,,10052,1308,687,31.07771084337349,67.78915662650603,478786
2024,27,基隆市,25.652694610778443,1.2963414634146342,0.2109756097560975,19.416463414634148,17.69277108433735,,,,,7220,1530,1004,30.465454545454545,76.83030303030303,361441
2024,27,宜蘭縣,21.646706586826348,0.6686153846153846,0.1918960244648318,17.429113924050633,17.81024096385542,,,,,11125,3159,1682,31.554790419161677,74.66467065868264,449212
2024,27,屏東縣,22.706586826347305,0.6618518518518519,0.1025889570552147,18.8189889,15.81280193236715,,,,,18210,3183,1223,30.869779116465864,74.76746506986028,789239
2024,27,彰化縣,28.779640718562877,1.3025454545454545,0.1125575757575757,22.735416666666666,19.57367149758454,,,,,25080,4984,2123,31.262674650698603,76.34331337,1225675
2024,27,新北市,33.42975587286965,0.8853980216674517,0.2962681669010783,21.97484634,20.869202226345084,,,,,100086,16948,6663,30.593972660739126,75.86701596806387,4047001
2024,27,新竹市,19.934131736526947,0.7285714285714285,0.1829268292682926,17.18404908,11.806060606060608,,,,,7915,3653,1938,31.67560975609756,70.18181818181819,457242
2024,27,新竹縣,26.973053892215567,0.6220183486238532,0.1353516819571865,19.872560975609755,14.333333333333334,,,,,13972,2711,1189,30.41556886227545,75.17664670658682,594641
2024,27,桃園市,26.05389221556886,0.92507772,0.2468870803662258,19.563905930470348,16.879275653923543,,,,,47270,9480,3512,30.72161676646707,73.78592814371258,2338648
2024,27,澎湖縣,18.676646706586823,1.0956521739130436,0.1083636363636363,20.306666666666665,6.391566265060241,,,,,2819,195,85,31.809036144578315,83.77108434,107901
2024,27,臺中市,23.961077844311376,1.2034658511722731,0.1708730964467005,22.243032786885248,15.955645161290322,,,,,59117,15865,8128,31.59997005988024,68.56397205588821,2860601
2024,27,臺北市,33.15996578272027,0.985061511,0.3582317073170731,20.62519616390584,19.962897526501767,,,,,51230,11085,6246,29.95814371257485,75.98329056173368,2490869
2024,27,臺南市,24.95568862275449,0.7046134663341647,0.1394017094017094,19.94596577017115,16.72463768115942,,,,,34959,9171,4187,30.876497005988025,75.86876248,1858651
2024,27,臺東縣,14.625748502994012,0.8146341463414634,0.094121212,12.348318042813457,12.412650602409638,,,,,4411,1050,459,30.978742514970055,71.60778443113773,210219
2024,27,花蓮縣,14.928143712574853,0.70625,0.1159375,13.25625,13.173913043478262,,,,,5715,1403,550,30.500609756097564,84.91463414634147,315374
2024,27,苗栗縣,22.377245508982035,1.307157464212679,0.1227087576374745,20.95525773195876,12.59274193548387,,,,,13582,1984,962,30.50069860279441,70.80439121756487,532854
2024,27,連江縣,25.08383233532934,0.6457317073170732,0.091111111,24.324848484848484,20.75,,,,,120,27,10,28.24638554216867,81.82530120481928,13950
2024,27,金門縣,17.568862275449103,1.2518072289156628,0.086646341,17.575757575757574,9.433734939759036,,,,,2279,148,57,30.35808383233533,78.05389221556887,143601
2024,27,雲林縣,26.49251497005988,1.2792048929663609,0.1291158536585366,21.709846153846154,18.64599092284417,,,,,15170,2118,1039,30.91881238,79.53043912175649,658427
2024,27,高雄市,24.076462459695996,1.385308056872038,0.1761310084825636,18.10848341232228,17.589827344843677,,,,,60363,10477,3360,31.50753765196879,72.56295979469633,2731412
2024,28,南投縣,26.652694610778443,0.7390688259109313,0.1309657947686116,22.85152129817444,15.382293762575452,,,,,9142,1763,792,27.79481037924152,79.00898203592814,472299
2024,28,嘉義市,24.20359281437126,1.3850299401197603,0.1419760479041916,25.08083832335329,13.216867469879515,,,,,5769,1269,559,29.21916167664671,74.91017964071857,262177
2024,28,嘉義縣,24.266467065868262,1.3910179640718563,0.1497005988023952,22.241033434650458,15.363636363636363,,,,,10152,1194,665,30.021257485029945,68.27245508982035,478786
2024,28,基隆市,27.70059880239521,1.2825301204819275,0.2369461077844311,23.204819277108435,17.871951219512194,,,,,6531,1341,939,29.68622754491018,77.73652694610779,361441
2024,28,宜蘭縣,23.74251497005988,0.7277945619335348,0.1916167664670658,21.691916167664672,15.936746987951809,,,,,10312,2730,1627,30.871556886227545,73.53592814371258,449212
2024,28,屏東縣,19.311377245508982,0.7246060606060606,0.1004501216545012,17.73397823458283,11.323636363636364,,,,,16732,2867,1258,30.29670658682635,75.28143713,789239
2024,28,彰化縣,25.674251497005987,1.3020681265206813,0.1179515151515151,24.316339066339065,15.756986634264884,,,,,24484,4671,2159,30.49016966067865,75.05189620758483,1225675
2024,28,新北市,31.637033625057576,0.8182201405152225,0.3021696801112656,21.517511737089205,18.758236658932717,,,,,90986,15340,6463,29.73223099256033,76.43712575,4047001
2024,28,新竹市,20.18562874251497,0.5974842767295597,0.17994012,17.73132530120482,10.771084337349398,,,,,8116,3297,1719,30.994011976047904,70.39520958083833,457242
2024,28,新竹縣,25.494011976047904,0.7376899696048633,0.1331736526946108,20.495481927710845,13.707831325301203,,,,,13724,2811,1179,29.68952095808383,74.62275449101796,594641
2024,28,桃園市,25.186626746506985,1.0448521916411824,0.2471271271271271,19.81678391959799,15.469346733668342,,,,,44536,8811,3499,30.219061876247505,71.28942115768463,2338648
2024,28,澎湖縣,22.101796407185628,0.7806666666666667,0.1112574850299401,22.60059880239521,4.569696969696969,,,,,2657,167,82,31.820958083832338,81.02395209580838,107901
2024,28,臺中市,24.210578842315368,1.075602409638554,0.1770582329317269,22.91233701,14.69989929506546,,,,,56879,15166,8029,30.343832335329346,70.94610778443113,2860601
2024,28,臺北市,32.49529512403764,0.7924890829694323,0.3867415730337079,20.95545927209705,18.730337078651687,,,,,46604,10517,6354,29.17680638722555,76.82677502,2490869
2024,28,臺南市,22.46227545,0.8454323995127893,0.1416324062877871,19.851272727272725,13.964975845410628,,,,,32705,8430,3973,30.0747006,74.08832335329342,1858651
2024,28,臺東縣,14.622754491017965,0.8762048192771084,0.099337349,14.144817073170731,10.731117824773412,,,,,4345,1088,520,30.76317365269461,70.7005988,210219
2024,28,花蓮縣,15.425149700598803,0.6341463414634146,0.1120359281437125,15.352409638554215,11.690909090909091,,,,,5319,1450,605,30.29878787878788,85.38181818181818,315374
2024,28,苗栗縣,23.22954091816367,1.375050709939148,0.1325252525252525,22.313333333333333,12.040241448692154,,,,,13210,1886,831,29.586427145708583,72.40718562874251,532854
2024,28,連江縣,27.80239520958084,0.7664670658682635,0.089,28.40359281437125,19.96987951807229,,,,,106,16,10,28.17365269461078,81.47305389221557,13950
2024,28,金門縣,20.74850299401197,1.08,0.087639752,21.341104294478527,6.128048780487805,,,,,2072,101,51,30.593939393939397,77.26060606060607,143601
2024,28,雲林縣,24.29191616766467,1.2088855421686748,0.1354341317365269,22.773053892215568,15.745481927710845,,,,,14240,2061,1077,29.99371257,78.17514970059881,658427
2024,28,高雄市,20.534776600644864,1.3645038167938932,0.1680733519034354,16.020566388115135,13.434137291280148,,,,,55151,9381,2974,30.750998003992017,72.32684630738524,2731412
2024,29,南投縣,36.06586826347306,0.8105906313645621,0.1666129032258064,29.97870182555781,19.19315895372233,,,,,8316,1775,993,29.31736526946108,75.69660678642715,472299
2024,29,嘉義市,34.77245508982036,1.5109756097560976,0.1837195121951219,32.01097561,19.02409638554217,,,,,5272,1218,532,30.328484848484848,73.22424242424242,262177
2024,29,嘉義縣,35.035928143712574,1.725,0.1703333333333333,30.528923076923075,21.48192771084337,,,,,9342,1043,506,30.91616766467066,67.21257485,478786
2024,29,基隆市,22.335329341317365,1.0867469879518072,0.1674698795180723,19.927710843373493,14.00602409638554,,,,,5626,1216,819,31.464071856287426,70.76047904191617,361441
2024,29,宜蘭縣,18.565868263473053,0.8361702127659575,0.1739393939393939,14.002153846153846,16.123493975903614,,,,,9462,2283,1440,32.08532934131737,69.08383233532935,449212
2024,29,屏東縣,26.931736526946107,0.7921472392638037,0.1254945054945055,23.06731470230863,16.327272727272728,,,,,14810,2712,1161,30.710179640718565,74.87125748502994,789239
2024,29,彰化縣,31.97245508982036,1.4227493917274938,0.151912833,30.087025703794367,20.23012048192771,,,,,21952,4334,2184,31.602994011976048,74.69610778443113,1225675
2024,29,新北市,35.12005519779209,0.9907328605200946,0.2724215456674473,24.820065789473684,19.85340802987862,,,,,81265,14215,6477,31.49651152240973,69.29907457811649,4047001
2024,29,新竹市,30.05988023952096,0.5785276073619632,0.1737951807228915,28.091515151515157,14.981927710843374,,,,,7146,3160,1751,31.848502994011977,70.29341317,457242
2024,29,新竹縣,37.18562874251497,0.6641104294478528,0.1509146341463414,28.53527607361963,17.716867469879517,,,,,12541,2472,1146,31.104491017964072,72.24850299401197,594641
2024,29,桃園市,36.01596806387226,1.182526315789474,0.2499392097264437,27.161398176291797,20.51765893037336,,,,,41093,8259,3476,31.139441117764477,71.16586826347306,2338648
2024,29,澎湖縣,32.467065868263475,0.3905660377358491,0.1133734939759036,35.51686746987952,7.879518072289157,,,,,2336,190,83,32.16227545,80.58083832335329,107901
2024,29,臺中市,32.181636726546905,1.0776507276507277,0.1792813765182186,28.929735234215887,17.906532663316582,,,,,52120,14307,7489,31.438802395209574,68.50778443113772,2860601
2024,29,臺北市,32.798118049615056,1.1347487001733103,0.3067641996557659,23.44934839,19.20756376,,,,,43271,10097,6100,31.03942115768463,68.11890504704876,2490869
2024,29,臺南市,35.11377245508982,0.8206134969325153,0.181239368,28.28182926829268,19.466183574879228,,,,,28859,7597,3874,30.4,77.0494012,1858651
2024,29,臺東縣,12.194610778443112,0.8960122699386504,0.085626911,11.14922600619195,8.341389728096678,,,,,3818,993,444,30.893712574850294,70.17365269461078,210219
2024,29,花蓮縣,13.437125748502996,0.7675,0.1060240963855421,12.206060606060609,10.664383561643836,,,,,4910,1268,646,30.78562874251497,77.19760479041916,315374
2024,29,苗栗縣,31.710578842315368,1.2106854838709675,0.1386519114688128,29.072983870967743,15.808853118712271,,,,,11974,1777,808,30.5249501,72.38722555,532854
2024,29,連江縣,35.82634730538922,0.7969325153374234,0.1081595092024539,30.00981595092025,22.44242424242424,,,,,79,15,9,29.283233532934133,80.42514970059881,13950
2024,29,金門縣,22.622754491017965,1.333132530120482,0.106144578,21.29277108433735,11.975903614457833,,,,,1903,81,53,31.726347305389226,73.86826347305389,143601
2024,29,雲林縣,33.49251497005988,1.3082317073170733,0.1520663650075414,28.012269938650302,21.180030257186083,,,,,13741,1749,977,30.899101796407184,78.01946107784431,658427
2024,29,高雄市,34.07415937356057,1.6095668729176582,0.2103494874184529,28.582624941616068,20.392074592074596,,,,,51568,9181,3045,31.305675013609147,70.25961713,2731412
2024,30,南投縣,29.902195608782435,0.6337325349301397,0.1381836327345309,25.14750499001996,14.349397590361448,,,,,6832,1313,782,27.929540918163674,86.59281437125749,472299
2024,30,嘉義市,27.77245508982036,1.1548192771084336,0.1359638554216867,28.389221556886227,15.716867469879515,,,,,4102,938,407,28.856287425149706,84.35928143712574,262177
2024,30,嘉義縣,25.22754491017964,0.8818181818181817,0.1241750841750841,25.504912280701756,20.171140939597315,,,,,7153,913,514,29.304491017964075,80.88323353293413,478786
2024,30,基隆市,19.70059880239521,0.7288343558282209,0.1384810126582278,18.64720497,14.771084337349398,,,,,4318,941,666,29.75089820359281,80.41916167664671,361441
2024,30,宜蘭縣,21.31736526946108,0.4419939577039275,0.1483987915407855,17.086786786786785,17.048192771084338,,,,,7537,1636,1118,29.169161676646706,87.34131736526946,449212
2024,30,屏東縣,32.382035928143715,0.5049731182795699,0.1253519256308101,26.51203703703704,26.759837177747624,,,,,10395,1753,888,29.066467065868267,87.01796407185628,789239
2024,30,彰化縣,28.305389221556887,0.995314592,0.1163682864450127,26.819245283018866,19.60532994923858,,,,,17119,3324,1900,30.106636726546903,86.00349301397206,1225675
2024,30,新北市,23.23675725472133,0.5463172804532578,0.2392063492063492,15.832883092687467,15.73662168450442,,,,,66032,10696,5180,29.760463618218107,80.77561241154056,4047001
2024,30,新竹市,20.01197604790419,0.2885135135135135,0.1726666666666667,19.5169697,11.603658536585366,,,,,5699,2425,1396,30.27757575757576,77.73939393939393,457242
2024,30,新竹縣,24.38323353293413,0.4629629629629629,0.1514156626506024,19.41826347305389,12.855421686746988,,,,,9532,1968,1003,29.52065868263473,83.50898203592814,594641
2024,30,桃園市,23.649700598802397,0.925933401,0.2494561933534743,16.915615615615618,15.67638190954774,,,,,31433,6219,2890,29.56127744510978,81.41616766467065,2338648
2024,30,澎湖縣,30.520958083832337,0.1713414634146341,0.1018072289156626,27.85209580838324,21.93975903614458,,,,,1737,140,59,30.062275449101797,92.11976047904191,107901
2024,30,臺中市,27.246506986027946,0.724745418,0.158995984,25.960921843687373,14.878024193548388,,,,,41796,11573,6449,29.663592814371256,82.52814371257486,2860601
2024,30,臺北市,22.31736526946108,0.6623570800351803,0.2496286701208981,14.80369416,13.315104166666666,,,,,32511,7088,4419,29.20618762,80.53977758768178,2490869
2024,30,臺南市,31.25748502994012,0.5120584652862362,0.1371720818291215,25.223621103117505,19.595151515151517,,,,,20081,5169,2905,28.968562874251496,88.34580838323353,1858651
2024,30,臺東縣,19.550898203592816,0.8778443113772455,0.1059281437125748,16.462275449101796,16.73716012084592,,,,,3121,818,394,28.16227545,83.55389221556887,210219
2024,30,花蓮縣,17.97005988023952,0.6204819277108434,0.1623952095808383,14.054491017964072,15.580838323353293,,,,,3636,973,487,29.13532934131737,85.67664670658682,315374
2024,30,苗栗縣,25.652694610778443,1.172,0.1263273453093812,23.971057884231534,12.65524193548387,,,,,10226,1536,777,29.09580838323353,80.99401198,532854
2024,30,連江縣,34.99401198,0.5668711656441718,0.1007361963190184,26.01686746987952,29.283132530120483,,,,,57,34,3,28.39940119760479,83.61077844311377,13950
2024,30,金門縣,26.562874251497007,1.154491017964072,0.1323312883435582,26.8,16.43902439,,,,,1261,53,41,30.258682634730537,77.83832335329342,143601
2024,30,雲林縣,29.139221556886227,1.0745736434108528,0.1292998477929985,26.082450832072617,19.593272171253822,,,,,10238,1260,787,29.42320359281437,88.20808383233533,658427
2024,30,高雄市,34.13403961308153,1.3449127906976746,0.1925291647223518,25.599953466728717,26.503519474425158,,,,,36118,6274,2313,29.40547178370532,85.30487207403375,2731412
2024,31,南投縣,29.02994011976048,0.7632530120481928,0.1532730923694779,19.90181451612903,17.941649899396378,,,,,6850,1330,918,28.958882235528943,80.63473053892216,472299
2024,31,嘉義市,26.005988023952096,1.2789156626506024,0.1592168674698795,24.05421686746988,16.91566265060241,,,,,4588,1104,586,30.00838323353293,76.87425149700599,262177
2024,31,嘉義縣,28.694610778443117,0.8817629179331308,0.1454103343465045,22.28140243902439,19.379518072289155,,,,,7474,889,544,30.446407185628743,70.73353293413173,478786
2024,31,基隆市,24.44311377245509,1.018674698795181,0.1962048192771084,18.56867469879518,15.795180722891564,,,,,4483,842,633,30.26706586826348,77.74251497005989,361441
2024,31,宜蘭縣,22.29341317365269,0.6694864048338368,0.1784036144578313,16.51969696969697,18.403614457831324,,,,,7324,1697,1284,30.34461077844312,81.30838323353294,449212
2024,31,屏東縣,27.30335731414868,0.6649606299212598,0.1399486521181001,20.99897172236504,22.00130208333333,,,,,11010,1995,1008,29.731037924151696,81.38922155688623,789239
2024,31,彰化縣,29.96287425149701,1.175031525851198,0.1360705289672544,23.78429648241206,23.234924623115575,,,,,17390,3056,1791,30.87200598802395,81.55888223552894,1225675
2024,31,新北市,29.881160755412253,0.7319158878504672,0.2681386691484411,19.19574169,18.65193113075849,,,,,63756,10370,5471,30.78263473053892,72.27376156777355,4047001
2024,31,新竹市,23.89820359281437,1.1965034965034964,0.2033742331288343,20.41084337349397,15.620481927710845,,,,,5868,2380,1461,30.775449101796408,75.74251497005989,457242
2024,31,新竹縣,32.94311377245509,0.8119266055045872,0.163394495,20.26006097560976,18.663636363636364,,,,,9895,2005,1056,29.71586826347305,79.99700598802396,594641
2024,31,桃園市,30.746506986027946,0.986842105,0.2614702920443101,19.855835010060364,18.65625,,,,,31226,6456,3130,30.370199600798404,75.6247505,2338648
2024,31,澎湖縣,26.664670658682635,0.5075000000000001,0.1364242424242424,25.805421686746985,15.581818181818182,,,,,1629,137,75,30.71377245508982,88.25748502994011,107901
2024,31,臺中市,28.485869565217392,1.057883131201764,0.1904189636163175,23.098002219755827,18.10287610619469,,,,,40783,11294,6849,30.66251497005988,76.53832335,2860601
2024,31,臺北市,29.627031650983746,0.8920384951881015,0.339047619,18.69228769497401,17.706701479547434,,,,,34238,8207,5636,30.24241516966068,72.97005988023952,2490869
2024,31,臺南市,31.984431137724552,0.5897627965043695,0.1652048192771084,19.85792019347037,17.644927536231883,,,,,22328,5666,3572,30.12305389221557,78.21107784431138,1858651
2024,31,臺東縣,16.880239520958085,0.7376146788990826,0.1176758409785932,14.34783950617284,14.329305135951662,,,,,3044,710,388,29.70149700598802,78.52994011976048,210219
2024,31,花蓮縣,21.389221556886227,0.7884146341463415,0.1487349397590361,15.066265060240964,20.96987951807229,,,,,3772,980,572,31.63592814371257,83.13772455,315374
2024,31,苗栗縣,31.936127744510976,1.3347474747474748,0.1591129032258064,22.706060606060607,18.28099173553719,,,,,9558,1245,635,29.68562874251497,76.78443113772455,532854
2024,31,連江縣,37.11377245508982,0.4909638554216867,0.120126582,27.13231707317073,24.572289156626507,,,,,79,29,5,28.868862275449104,82.77245508982035,13950
2024,31,金門縣,36.98802395209581,1.0847560975609756,0.1517391304347826,27.184242424242424,19.26506024096385,,,,,1252,65,53,29.67784431137725,80.61077844311377,143601
2024,31,雲林縣,29.00748502994012,1.1031626506024097,0.1483384146341463,22.84726443768997,19.577912254160363,,,,,10676,1452,992,30.866467065868264,77.80538922155688,658427
2024,31,高雄市,30.90787655458314,1.1776397515527952,0.2065465605989705,19.218322399250237,20.81954184198224,,,,,38354,6296,2661,30.12293140990746,79.05280348,2731412
2024,32,南投縣,40.355289421157686,0.8667999999999999,0.1698003992015968,26.05931863727455,21.32595573440644,,,,,6569,1189,815,28.537724550898204,80.31137724550898,472299
2024,32,嘉義市,29.904191616766468,1.047560975609756,0.1820958083832335,27.97361963190184,16.650602409638555,,,,,4451,1157,573,29.02634730538922,81.31736526946108,262177
2024,32,嘉義縣,34.73952095808383,1.1531722054380664,0.1693655589123867,28.483081570996976,20.01829268292683,,,,,7121,786,456,29.76017964071856,73.00898203592814,478786
2024,32,基隆市,44.77844311377245,1.4024096385542169,0.2469277108433735,25.303614457831323,23.33333333333333,,,,,4476,882,701,29.870059880239523,80.55089820359281,361441
2024,32,宜蘭縣,43.33233532934132,0.9289156626506024,0.2083532934131736,27.90688622754491,24.61445783,,,,,7733,1724,1328,30.16886228,79.76347305389221,449212
2024,32,屏東縣,32.48263473053892,0.7764277035236938,0.1793606755126658,28.747584541062803,18.61111111111111,,,,,10847,1935,1017,28.72275449101796,84.40518962075848,789239
2024,32,彰化縣,42.88742515,1.1651275820170108,0.162575211,33.488795180722896,24.02905569007264,,,,,18441,3231,2010,30.581786427145705,79.02045908183632,1225675
2024,32,新北市,49.076001842468905,1.0464235624123424,0.311625753,25.581064814814813,25.98698279869828,,,,,65470,9569,5334,30.195354745055347,76.64670658682634,4047001
2024,32,新竹市,35.67065868263473,1.1532934131736527,0.2281927710843373,28.768674698795184,19.61445783,,,,,6093,2281,1454,30.94431137724551,74.23952095808383,457242
2024,32,新竹縣,46.050898203592816,0.8239520958083832,0.189251497,26.536826347305382,22.44578313253012,,,,,10103,2007,1096,29.676646706586823,79.67964071856288,594641
2024,32,桃園市,45.65269461077844,1.2123232323232325,0.2920060180541625,26.353807106598985,23.970883534136547,,,,,32207,5794,2983,30.289520958083838,75.46107784431138,2338648
2024,32,澎湖縣,33.32934131736527,0.9233766233766232,0.1379041916167664,36.1748503,14.13939393939394,,,,,1583,130,83,30.95149700598802,86.72455089820359,107901
2024,32,臺中市,39.35808383233533,1.2243697478991595,0.2233613445378151,30.507599517490952,21.577992744860943,,,,,42928,10849,6801,30.370059880239523,76.80838323353294,2860601
2024,32,臺北市,48.42258340461933,1.133486239,0.362428695,25.030363321799307,25.34969853574505,,,,,34213,7667,5485,29.77325349301397,75.96749358426005,2490869
2024,32,臺南市,34.49700598802395,0.6684981684981685,0.1945333333333333,26.01256038647343,17.548972188633616,,,,,22563,5233,3175,29.30523952095809,80.48502994011976,1858651
2024,32,臺東縣,19.919161676646706,0.8369369369369369,0.1346546546546546,17.75688622754491,15.162650602409638,,,,,2925,647,415,29.46736526946108,77.47005988023952,210219
2024,32,花蓮縣,30.49700598802395,0.941566265,0.1576646706586826,21.12395209580838,23.518072289156628,,,,,3456,808,531,31.58203592814371,77.49700598802396,315374
2024,32,苗栗縣,44.9001996,1.3902,0.1864670658682634,30.87425149700599,21.68888888888889,,,,,10150,1278,760,29.447305389221555,76.29141716566866,532854
2024,32,連江縣,63.137724550898206,0.6801204819277109,0.1732530120481927,42.449101796407184,27.36196319018405,,,,,63,9,6,29.13473053892216,81.50299401197604,13950
2024,32,金門縣,63.1497006,1.663975155279503,0.2228571428571428,37.77341772151899,27.96987951807229,,,,,1175,66,61,30.6,77.62275449101796,143601
2024,32,雲林縣,40.66017964071856,1.1266866566716642,0.1717319277108433,30.739939939939937,21.370992366412214,,,,,10413,1326,883,30.16676646706587,79.62724550898204,658427
2024,32,高雄市,33.14279134039613,1.0677465459742734,0.2478186046511628,25.024697110904008,18.68029739776952,,,,,38449,6063,2629,29.23782435,81.64471057884231,2731412
2024,33,南投縣,26.65469061876248,0.8012096774193548,0.1590945674044265,23.07726358148893,15.432595573440643,,,,,7495,1397,957,27.80389221556886,83.70758483033931,472299
2024,33,嘉義市,25.766467065868262,1.095151515151515,0.1671686746987951,25.41333333333333,14.66867469879518,,,,,4866,1111,623,28.696407185628743,82.56287425,262177
2024,33,嘉義縣,26.37125748502994,1.2086153846153846,0.1837423312883435,23.79432176656152,17.740853658536587,,,,,7662,789,453,29.554790419161677,73.06886228,478786
2024,33,基隆市,30.17964071856288,1.3878048780487804,0.2704216867469879,19.585454545454542,18.933734939759034,,,,,4730,867,666,29.33473053892215,80.38323353293413,361441
2024,33,宜蘭縣,26.51197604790419,0.7249221183800623,0.2108181818181818,19.564545454545456,19.36144578313253,,,,,8295,1773,1397,29.62874251497006,81.32335329341318,449212
2024,33,屏東縣,29.166467065868265,0.5997506234413965,0.1613075060532687,25.084587378640776,18.39151515151515,,,,,12299,2265,1207,28.38443113772455,86.20858283433134,789239
2024,33,彰化縣,29.564071856287423,1.1585870889159562,0.154060606,26.77750611246944,18.206521739130437,,,,,20063,3277,2134,29.73443113772455,83.46556886227545,1225675
2024,33,新北市,36.32427452786735,0.7831613508442777,0.3539504441327723,20.754852521408186,21.341088878548163,,,,,69910,9412,5488,29.159853021230266,80.96739248775178,4047001
2024,33,新竹市,25.191616766467067,1.1193939393939394,0.2364848484848485,23.468674698795184,14.162650602409638,,,,,6325,2381,1552,30.067664670658683,77.33532934131736,457242
2024,33,新竹縣,31.15868263473054,0.5878419452887538,0.1825377643504531,22.103939393939395,16.379518072289155,,,,,11470,1976,1086,28.769161676646707,83.73652694610779,594641
2024,33,桃園市,33.86427145708583,1.125612244897959,0.3291321897073663,22.00657894736842,19.138972809667678,,,,,34357,5759,3093,29.18093812375249,80.22355289421158,2338648
2024,33,澎湖縣,29.664670658682635,1.095757575757576,0.1372121212121212,32.42650602409638,6.566265060240964,,,,,1724,115,80,30.522155688622757,87.79640718562874,107901
2024,33,臺中市,26.62047569803516,0.873538789,0.207707676,25.83127001067236,14.996868475991649,,,,,47438,11595,7492,29.39029940119761,81.63832335329342,2860601
2024,33,臺北市,35.61163387510693,0.9205804749340368,0.4156649395509499,18.90391644908616,20.65832614322692,,,,,35484,7705,5484,28.550379241516964,80.93726832050186,2490869
2024,33,臺南市,29.068263473053893,0.5828608247422681,0.1874393203883495,22.76332518337409,15.33980582524272,,,,,25307,6002,3394,28.985329341317367,82.45359281437126,1858651
2024,33,臺東縣,19.820359281437124,0.8437106918238995,0.1415757575757575,14.969696969696969,17.006042296072508,,,,,2890,752,439,28.645808383233536,80.88323353293413,210219
2024,33,花蓮縣,22.63473053892216,0.5650306748466257,0.1579518072289156,17.93132530120482,19.80722891566265,,,,,3620,785,542,29.07664670658683,82.40718562874251,315374
2024,33,苗栗縣,30.04191616766467,1.238945233,0.1764444444444444,27.846356275303645,15.873706004140788,,,,,10768,1496,852,28.76866267,79.45708582834332,532854
2024,33,連江縣,54.43712574850299,0.7656626506024096,0.2102409638554216,41.69036144578313,25.759036144578317,,,,,76,18,11,28.275449101796408,83.67664670658682,13950
2024,33,金門縣,61.706586826347305,1.5134146341463417,0.2209638554216867,38.67151515151515,25.38554217,,,,,1257,65,58,29.489221556886225,84.45508982035928,143601
2024,33,雲林縣,28.055389221556887,1.0363636363636364,0.166269113,25.083435582822084,16.499245852187027,,,,,11438,1299,898,29.54855289421158,83.18213572854292,658427
2024,33,高雄市,29.439428834638417,1.2187351402757964,0.231197577,20.863525550867323,17.539571694599626,,,,,43965,6554,2980,28.928676931850585,84.00429141716567,2731412
2024,34,南投縣,24.910179640718564,0.8525150905432596,0.1420481927710843,16.622379032258067,17.61336032388664,,,,,7488,1461,997,27.95608782,80.23952095808383,472299
2024,34,嘉義市,20.017964071856287,1.1383233532934132,0.1396407185628742,18.28443113772455,12.879518072289155,,,,,5037,1049,558,29.10059880239521,76.98802395,262177
2024,34,嘉義縣,20.667664670658684,1.0990963855421687,0.1455421686746988,17.430182926829268,15.927051671732524,,,,,7794,783,446,29.323952095808384,69.76347305389221,478786
2024,34,基隆市,26.520958083832337,1.2218181818181817,0.233030303,19.060606060606062,16.819277108433734,,,,,4904,1061,852,29.419277108433736,80.37951807228916,361441
2024,34,宜蘭縣,23.718562874251496,0.6780487804878048,0.1783183183183183,19.563444108761328,18.475757575757576,,,,,8736,1744,1367,30.151497005988023,80.46706586826348,449212
2024,34,屏東縣,26.823952095808384,0.7728070175438597,0.1248698884758364,17.107990012484393,19.49135802469136,,,,,13359,2488,1331,28.93173652694611,81.54590818363273,789239
2024,34,彰化縣,25.11377245508982,1.1269277845777237,0.1191564792176039,19.581127450980397,16.530135301353013,,,,,20427,3324,2252,29.38637724550898,82.79191616766467,1225675
2024,34,新北市,31.91524643021649,0.8078588235294117,0.3138615241635688,20.203586399627387,19.69112865768695,,,,,70842,9225,5298,29.490593056311617,79.11056069678824,4047001
2024,34,新竹市,21.94610778443114,1.489156626506024,0.1951204819277108,18.997590361445784,12.710843373493976,,,,,6478,2374,1524,30.48614457831325,71.89156626506023,457242
2024,34,新竹縣,28.122754491017965,0.8939393939393939,0.1523333333333333,19.50121212121212,14.987841945288752,,,,,11370,1851,1149,29.30389221556886,77.57185628742515,594641
2024,34,桃園市,29.15469061876248,1.1237134207870836,0.2665090543259558,20.018365287588296,17.51859296482412,,,,,35429,5743,3303,29.49570858283433,76.94311377245509,2338648
2024,34,澎湖縣,23.934131736526947,1.5310975609756097,0.1120987654320987,25.78614457831325,6.885542168674699,,,,,1715,75,53,29.37305389221557,91.20359281437126,107901
2024,34,臺中市,23.39620758483034,0.9889558232931728,0.1704804804804804,19.7964,15.12310797174571,,,,,48422,11863,7750,29.732814371257486,75.95449101796407,2860601
2024,34,臺北市,31.44824636441403,1.03974026,0.3647246127366609,18.67968885047537,18.966379310344827,,,,,36941,7551,5413,28.78208582834332,78.72946963216425,2490869
2024,34,臺南市,26.40239520958084,0.6845873786407767,0.1552657004830918,15.606377858002409,14.43030303030303,,,,,27230,6402,3671,29.013323353293416,79.45958083832335,1858651
2024,34,臺東縣,21.01197604790419,0.916012085,0.125045045,14.600299401197605,18.06042296072508,,,,,3015,751,452,29.05868263473054,79.38922155688623,210219
2024,34,花蓮縣,24.78443113772455,0.5151515151515151,0.1650602409638554,18.54879518072289,22.25301204819277,,,,,3540,765,495,29.23614457831325,79.65060240963855,315374
2024,34,苗栗縣,27.922155688622755,1.4131736526946108,0.1453093812375249,21.971457085828344,14.86144578313253,,,,,11252,1593,879,29.36566866267465,71.73253493013972,532854
2024,34,連江縣,39.16167664670659,0.5862275449101797,0.1355688622754491,33.55329341317365,22.204819277108435,,,,,71,23,16,27.527544910179643,84.44910179640719,13950
2024,34,金門縣,34.31137724550898,1.1263473053892217,0.1453892215568862,27.62395209580838,15.981927710843374,,,,,1143,66,54,27.395808383233536,88.63473053892216,143601
2024,34,雲林縣,22.46556886227545,1.088262195121951,0.1348929159802306,18.504870624048703,14.092284417549168,,,,,12283,1355,974,29.211427145708583,80.53393213572853,658427
2024,34,高雄市,26.43159834177798,1.2497907949790796,0.2052924919391985,13.55186894,16.142657342657344,,,,,48903,6789,3176,29.084431137724557,81.75349301397206,2731412
2024,35,南投縣,45.51297405189621,0.9789156626506024,0.1769076305220883,33.744668008048286,22.484909456740443,,,,,7536,1370,911,29.120883534136546,76.89759036144578,472299
2024,35,嘉義市,38.89820359281437,1.3397590361445784,0.1716867469879518,37.05,18.97590361445783,,,,,5074,985,518,30.165060240963854,73.83734939759036,262177
2024,35,嘉義縣,41.98203592814371,1.4373417721518986,0.1651367781155015,34.74161491,22.54682779456193,,,,,7539,773,535,30.54186746987952,71.23192771084338,478786
2024,35,基隆市,48.26946107784431,1.4271084337349398,0.2453012048192771,35.8630303,22.88554217,,,,,4668,950,786,30.16144578313253,77.49397590361446,361441
2024,35,宜蘭縣,38.87724550898204,0.9771604938271604,0.2151212121212121,30.55969696969697,22.259036144578317,,,,,8651,1820,1437,30.54698795180723,77.09337349,449212
2024,35,屏東縣,34.17887154861945,0.7243811881188118,0.1351278928136419,28.324142156862745,17.764277035236937,,,,,12938,2417,1344,29.72906626506024,79.24548192771084,789239
2024,35,彰化縣,49.91856287,1.3200968523002423,0.173639661,39.63721212121212,25.773220747889024,,,,,20745,3201,2130,30.549526678141135,80.73644578313252,1225675
2024,35,新北市,53.19824399260629,1.0296558227251298,0.3243817078861409,34.54202425373135,27.62826492537313,,,,,72276,9688,5636,30.337992880613363,75.04518648757711,4047001
2024,35,新竹市,41.81437125748503,1.2343373493975904,0.2366265060240964,34.38132530120482,20.581818181818186,,,,,6589,2569,1693,30.57530120481928,75.53614457831326,457242
2024,35,新竹縣,47.01197604790419,0.729375,0.1959567901234568,34.13291536050156,21.212307692307693,,,,,11079,1847,1151,29.784939759036146,78.47590361445783,594641
2024,35,桃園市,51.29940119760479,1.3152525252525251,0.3010987903225806,35.06350806451613,25.83504098360656,,,,,36807,6177,3499,30.10220883534137,76.53176341730558,2338648
2024,35,澎湖縣,33.29940119760479,1.301818181818182,0.1271515151515151,35.766060606060606,8.903614457831326,,,,,1730,67,43,30.521686746987957,92.39156626506023,107901
2024,35,臺中市,46.76032225579053,1.109238578680203,0.22,38.22302231237322,23.71065989847716,,,,,48138,11762,7879,30.51831325301205,77.19397590361446,2860601
2024,35,臺北市,51.11548331907613,1.2043936731107203,0.3746453287197231,34.15025996533796,26.694300518134717,,,,,36794,7899,5684,29.82929217,72.58997027069317,2490869
2024,35,臺南市,39.39783653846154,0.8082512315270935,0.1672350791717418,30.52256097560976,19.18104495747266,,,,,27583,7031,4331,30.60225903614458,73.00602409638554,1858651
2024,35,臺東縣,21.790419161676645,1.0916923076923075,0.1244108761329305,17.628700906344413,16.211480362537763,,,,,2877,647,379,29.525301204819275,75.66566265060241,210219
2024,35,花蓮縣,26.46706586826347,0.3527272727272727,0.1553012048192771,23.1,22.14457831325301,,,,,3720,850,606,29.23636363636364,77.29518072289157,315374
2024,35,苗栗縣,49.60279441117765,1.333132530120482,0.1908433734939759,37.505835010060366,23.27108434,,,,,10753,1486,850,29.60301204819277,76.27911646586345,532854
2024,35,連江縣,66.97005988023952,0.643030303,0.2236363636363636,52.77771084,30.09090909090909,,,,,65,15,15,28.23975903614458,83.32530120481928,13950
2024,35,金門縣,69.27544910179641,1.35,0.2101807228915662,40.02787878787879,26.63030303030303,,,,,1172,51,48,29.51385542168675,81.66867469879519,143601
2024,35,雲林縣,45.4251497,1.208320726172466,0.1638403614457831,35.94803625377643,23.16716867,,,,,12529,1580,1179,30.29965576592083,78.42620482,658427
2024,35,高雄市,36.27959465684017,1.2146728971962617,0.1899860788863109,28.051230840687413,19.07992565055762,,,,,48947,7143,3489,30.557553335873138,75.46927433052367,2731412
2024,36,南投縣,55.82828282828283,0.9977215189873418,0.2408101265822785,36.493434343434345,27.59033078880407,,,,,7265,1390,982,29.17443609022556,78.07518796992481,472299
2024,36,嘉義市,46.80303030303031,1.5325581395348835,0.2418320610687022,34.98515625,23.908396946564885,,,,,4861,1007,530,29.76691729323308,79.06015037593986,262177
2024,36,嘉義縣,48.14393939393939,1.5583969465648857,0.2132824427480916,34.314122137404574,27.293893129770996,,,,,7553,750,494,30.22180451,79.02631578947368,478786
2024,36,基隆市,21.098484848484848,0.9492424242424242,0.1488636363636363,22.74772727272727,7.106870229007634,,,,,4736,776,613,31.039849624060157,73.87969925,361441
2024,36,宜蘭縣,22.295454545454547,0.6926070038910506,0.1649034749034749,19.41601563,14.900763358778626,,,,,8207,1638,1378,30.759022556390978,77.43233082706767,449212
2024,36,屏東縣,37.81515151515151,0.8230046948356807,0.1654754601226994,26.990092879256963,20.53775038520801,,,,,13036,2308,1323,29.00401002506265,83.55889724310778,789239
2024,36,彰化縣,53.9969697,1.4980182926829269,0.2373404255319148,37.80414110429448,31.883792048929664,,,,,20085,3384,2221,30.56146616541353,83.23496240601504,1225675
2024,36,新北市,26.719114219114218,0.6877962085308057,0.2107042253521127,23.17905604719764,14.697978596908442,,,,,70104,9756,5616,31.465977443609024,67.69172932330827,4047001
2024,36,新竹市,38.50757575757576,1.5891472868217054,0.2555813953488372,34.137301587301586,19.95419847328244,,,,,6464,2377,1648,31.578195488721803,68.11278195488721,457242
2024,36,新竹縣,47.59090909090909,0.9545801526717556,0.2180608365019011,34.24122137404581,21.08880308880309,,,,,10528,1692,1072,30.74323308270677,71.94360902255639,594641
2024,36,桃園市,32.72853535353536,1.0550063371356146,0.2801011378002528,25.51251580278129,19.092993630573247,,,,,35322,5720,3262,31.269298245614035,65.96491228070175,2338648
2024,36,澎湖縣,33.07575757575758,1.1803030303030304,0.128030303,32.58787878787879,13.916030534351146,,,,,1658,105,77,30.06136363636364,90.71969696969695,107901
2024,36,臺中市,54.86111111111112,1.260841836734694,0.2905384615384615,38.77626904,30.632333767926987,,,,,45780,11790,8110,30.570977443609024,77.91842105263157,2860601
2024,36,臺北市,24.703463203463205,0.8167763157894736,0.2371861471861472,20.76677489177489,13.77995642701525,,,,,37137,7603,5401,30.61328320802005,67.40386680988185,2490869
2024,36,臺南市,44.875757575757575,0.7587869362363919,0.2277279752704791,28.82673879443586,23.48998459167951,,,,,25776,6570,4211,29.59636591478697,81.08771929824562,1858651
2024,36,臺東縣,18.36742424242424,1.075,0.1323282442748091,17.524242424242424,13.630350194552529,,,,,2892,649,416,28.40263157894737,82.89849624,210219
2024,36,花蓮縣,21.01515151515152,0.5760330578512397,0.14234375,20.100793650793648,17.416666666666668,,,,,3664,769,552,29.372932330827062,78.18796992481202,315374
2024,36,苗栗縣,53.57828282828283,1.5230179028132993,0.2371099744245524,38.69028132992327,26.441326530612244,,,,,10075,1422,873,29.89674185463659,75.45864661654136,532854
2024,36,連江縣,31.03787878787879,0.5114503816793893,0.1375757575757575,30.309090909090912,16.290076335877863,,,,,69,14,12,29.13533834586466,78.98496240601504,13950
2024,36,金門縣,41.00757575757576,1.0916030534351144,0.1804580152671756,33.51439393939393,20.846153846153847,,,,,1297,78,74,30.678947368421053,71.48120301,143601
2024,36,雲林縣,50.41666666666666,1.4723809523809523,0.2105333333333333,34.48538899,29.434615384615384,,,,,12740,1588,1171,30.32556390977444,80.59962406015038,658427
2024,36,高雄市,45.02505827505828,1.3902728351126927,0.2696122209165687,28.33778693349029,25.94183313748531,,,,,46903,6911,3446,29.82741512873092,80.06436546,2731412
2024,37,南投縣,39.69620253164557,0.8804301075268817,0.1906196581196581,27.29528907922912,20.874468085106383,,,,,7721,1466,1074,27.09113924050633,84.95991561181434,472299
2024,37,嘉義市,36.37341772151899,1.727388535031847,0.1942038216560509,28.596815286624203,19.318471337579616,,,,,5178,1039,617,28.048101265822787,82.20253164556962,262177
2024,37,嘉義縣,39.81962025316456,1.9135048231511256,0.1910862619808306,28.654545454545456,20.628664495114005,,,,,8266,798,523,28.60189873417722,83,478786
2024,37,基隆市,28.196202531645568,1.0329113924050632,0.1718987341772151,17.937974683544304,14.158227848101266,,,,,5085,739,581,28.827848101265825,81.45569620253164,361441
2024,37,宜蘭縣,28.477848101265824,0.7186274509803922,0.1560064935064935,18.414473684210527,16.94788273615635,,,,,8208,1601,1354,29.557594936708863,78.87341772151899,449212
2024,37,屏東縣,27.758227848101267,0.6459317585301837,0.1459050064184852,23.96640106,16.143949044585987,,,,,14771,2710,1509,27.87278481012658,84.61814345991561,789239
2024,37,彰化縣,43.68860759493671,1.3766752577319588,0.1976312419974391,29.810723514211887,25.198463508322664,,,,,20746,3544,2345,28.83597046413502,87.65189873417721,1225675
2024,37,新北市,36.52677702044791,0.838496016,0.2554779593858346,20.137456532538497,19.05486901,,,,,74597,9662,5648,29.393901994629843,76.12963176064443,4047001
2024,37,新竹市,33.97468354,1.1378205128205128,0.2152229299363057,21.69871794871795,18.273885350318476,,,,,7120,2291,1601,29.89683544303797,74.26582278481013,457242
2024,37,新竹縣,40.66455696202532,0.8766990291262136,0.1664838709677419,21.632781456953644,18.69329073482428,,,,,11388,1746,1242,28.858544303797466,78.34810126582279,594641
2024,37,桃園市,40.04641350210971,1.1041125541125545,0.2569296375266524,21.158244111349035,20.561235356762516,,,,,36806,5870,3356,29.152299578059072,76.92721518987342,2338648
2024,37,澎湖縣,39.37341772151899,1.441025641025641,0.1287898089171974,33.72993630573249,12.66025641025641,,,,,1746,119,102,29.652229299363054,85.91772151898734,107901
2024,37,臺中市,41.31856540084388,0.9656017039403622,0.2375721925133689,27.098505869797226,23.091392136025505,,,,,47114,11970,8061,28.652310126582275,84.41930379746836,2860601
2024,37,臺北市,35.01537070524412,1.0077134986225895,0.2730383211678832,18.880899908172637,18.75685557586837,,,,,39589,7382,5302,28.775822784810128,75.42676311,2490869
2024,37,臺南市,35.72405063291139,0.8030144167758847,0.1853084832904884,26.715374677002583,18.08735332464146,,,,,27299,6725,4306,28.48169831223629,80.57436709,1858651
2024,37,臺東縣,17.449367088607595,1.0587859424920127,0.1161587301587301,14.07675159235669,14.26031746031746,,,,,3152,658,416,28.148407643312105,77.90506329113924,210219
2024,37,花蓮縣,20.56962025316456,0.6535483870967742,0.150828025,16.61089743589744,19.19745222929936,,,,,4092,843,596,28.355696202531643,77.70253164556962,315374
2024,37,苗栗縣,40.20042194092827,1.3111587982832618,0.1825265392781316,24.66183368869936,22.798301486199577,,,,,10843,1434,851,28.088396624472576,81.62658227848101,532854
2024,37,連江縣,48.54430379746835,0.8305732484076433,0.1301273885350318,31.66815286624204,23.40764331210191,,,,,111,24,17,28.67388535031847,78.34177215189874,13950
2024,37,金門縣,49.83544303797469,1.2096774193548387,0.176624204,28.831847133757964,24.78343949044586,,,,,1585,71,67,29.717197452229303,74.29113924050633,143601
2024,37,雲林縣,41.30537974683544,1.274478330658106,0.18456,27.983252818035425,23.2368,,,,,13043,1615,1145,28.519778481012654,85.63291139240506,658427
2024,37,高雄市,31.86173320350536,1.400744416873449,0.2504238541153277,23.20734856007944,18.1007371,,,,,48430,6911,3521,28.62562571921749,80.59862869198312,2731412
2024,38,南投縣,44.4251497,0.958116232,0.20184,28.0976,21.68410463,,,,,7906,1432,952,28.30978043912176,79.71656686626746,472299
2024,38,嘉義市,39.131736526946106,1.4175757575757575,0.2031325301204819,27.006918238993716,20.871951219512194,,,,,5178,943,534,29.22215568862276,80.18562874251496,262177
2024,38,嘉義縣,39.83532934131737,1.3771084337349395,0.18936747,29.248192771084337,23.694864048338367,,,,,8657,755,487,29.681137724550897,82.50898203592814,478786
2024,38,基隆市,17.84431137724551,0.7843373493975903,0.1789759036144578,12.240361445783131,15.018181818181818,,,,,5254,903,727,28.905389221556884,84.44311377245509,361441
2024,38,宜蘭縣,20.28443113772455,0.6054711246200608,0.1744984802431611,15.260736196319018,17.89457831325301,,,,,8468,1791,1522,29.73143713,83.15868263473054,449212
2024,38,屏東縣,27.922155688622755,0.7479064039408866,0.1339759036144578,25.172235576923075,17.234223300970875,,,,,15113,2730,1543,29.1500998,82.36327345309381,789239
2024,38,彰化縣,42.14610778443114,1.3301320528211285,0.1985508982035928,29.64059880239521,25.804583835946925,,,,,21322,3388,2141,29.702095808383238,86.29491017964072,1225675
2024,38,新北市,25.23215108245048,0.602934103,0.2532070240295749,14.62865090403338,16.968430826369545,,,,,74721,9558,5233,29.45729450190528,80.06260207,4047001
2024,38,新竹市,25.35928143712575,1.2083832335329343,0.2050299401197605,23.13532934131737,13.60843373493976,,,,,7164,2222,1567,30.067065868263477,77.00598802,457242
2024,38,新竹縣,29.09580838323353,0.8015243902439023,0.1597590361445783,22.422891566265054,13.208459214501511,,,,,11574,1506,1077,29.309580838323352,77.47005988023952,594641
2024,38,桃園市,25.562874251497007,1.0319148936170213,0.2608734939759036,15.791482965931865,15.908173562058527,,,,,36957,5924,3297,29.27461077844311,79.39870259481039,2338648
2024,38,澎湖縣,28.407185628742518,1.3509090909090908,0.1201796407185628,30.26107784431138,10.921686746987952,,,,,1736,83,44,29.913772455089823,86.88622754491018,107901
2024,38,臺中市,39.90818363273453,0.998395186,0.2405263157894737,28.59719438877756,22.15810674723061,,,,,48852,12315,8083,29.56419161676647,81.54610778443114,2860601
2024,38,臺北市,23.629597946963216,0.8239242685025817,0.293156089,12.830862068965516,15.157758620689656,,,,,38285,6727,4663,29.06377245508982,79.97447961220416,2490869
2024,38,臺南市,39.38203592814372,0.8516324062877871,0.1821103117505995,28.07937649880096,19.743341404358357,,,,,27974,6408,4041,29.77385229540918,78.80289421157686,1858651
2024,38,臺東縣,16.68562874251497,0.9416666666666668,0.1162269938650306,14.390548780487809,14.288753799392095,,,,,3381,661,422,28.78592814371257,78.21856287,210219
2024,38,花蓮縣,21.49700598802395,0.7730538922155689,0.1633532934131736,13.11137724550898,21.96987951807229,,,,,4075,753,538,28.471257485029938,80.78443113772455,315374
2024,38,苗栗縣,31.66267465,1.2483033932135728,0.1814570858283433,27.249700598802395,16.959758551307846,,,,,10958,1468,869,28.776247504990017,79.89421157684632,532854
2024,38,連江縣,32.69461077844311,0.7209580838323354,0.1412650602409638,27.694011976047904,23.210843373493976,,,,,65,12,8,29.173053892215567,77.80838323353294,13950
2024,38,金門縣,32.78443113772455,1.0479041916167664,0.1650299401197604,25.911976047904197,17.367469879518072,,,,,1377,58,57,29.850898203592816,76.62275449101796,143601
2024,38,雲林縣,41.33982035928144,1.3835082458770611,0.1872604790419161,28.806606606606607,24.302710843373493,,,,,13899,1735,1187,29.478892215568862,84.22305389221557,658427
2024,38,高雄市,34.88530631045601,1.2789693593314764,0.2148771441817339,25.85772433,19.687093779015783,,,,,49952,6703,3251,29.75889584467429,81.30661404,2731412
2024,39,南投縣,31.65069860279441,0.8381818181818181,0.1944556451612903,21.92170385395537,19.46385542168675,,,,,8709,1462,987,27.593512974051897,84.96606786427147,472299
2024,39,嘉義市,29.143712574850294,1.64,0.202289157,19.087037037037035,18.933734939759034,,,,,5690,1195,663,28.74730538922156,79.73652694610779,262177
2024,39,嘉義縣,32.15568862275449,1.3102409638554218,0.1713855421686747,27.02530487804878,20.93975903614458,,,,,9083,913,609,28.821556886227544,85.52095808383234,478786
2024,39,基隆市,26.09523809523809,1.0401197604790418,0.2126946107784431,25.365868263473057,14.952095808383234,,,,,5878,964,711,27.22694610778443,90.47305389221556,361441
2024,39,宜蘭縣,23.51641791044776,0.5082568807339449,0.1977575757575757,21.74939393939394,16.41867469879518,,,,,8879,1806,1509,27.799101796407182,91.40119760479044,449212
2024,39,屏東縣,32.69093079,0.8666666666666667,0.156266507,27.15871670702179,20.968599033816425,,,,,15657,3024,1695,29.061676646706587,81.62275449101796,789239
2024,39,彰化縣,31.361676646706588,1.1355932203389831,0.1815319662243667,26.323550724637684,19.92753623188406,,,,,22215,3840,2357,28.99176646706587,86.66167664670658,1225675
2024,39,新北市,30.06834862385321,0.6492699010833727,0.3115032679738562,22.42852459016393,17.21126105165193,,,,,81377,10880,5869,27.67648339684268,87.58236255,4047001
2024,39,新竹市,25.09580838323353,1.010144927536232,0.2520606060606061,24.53433734939759,12.548192771084338,,,,,7633,2356,1663,26.67065868263473,83.24550898203593,457242
2024,39,新竹縣,25.649700598802397,0.5957831325301205,0.1952409638554217,23.79667673716012,13.659638554216867,,,,,12666,1765,1245,27.21916167664671,86.47005988023952,594641
2024,39,桃園市,30.153081510934392,1.013595166163142,0.2969176706827309,23.66928499496475,16.188565697091274,,,,,41062,6272,3337,27.28223552894212,88.58582834331338,2338648
2024,39,澎湖縣,30.32934131736527,1.2861635220125789,0.1348125,34.053416149068326,8.751515151515152,,,,,1828,89,61,28.93233532934132,88.45508982035928,107901
2024,39,臺中市,27.61860465116279,1.0336470588235294,0.2402930832356389,22.33861502347418,17.43391812865497,,,,,52748,13571,8791,28.566467065868267,83.95688623,2860601
2024,39,臺北市,29.31148936170213,0.7516883116883117,0.3484641932700604,19.99117647058824,14.539518900343642,,,,,43706,8350,5556,26.94167664670659,86.72982606,2490869
2024,39,臺南市,33.97964071856288,0.8347137637028014,0.1778398058252427,25.69878787878788,19.298181818181817,,,,,29639,7404,4666,29.029191616766468,83.97305389221557,1858651
2024,39,臺東縣,22.19402985074627,0.7454819277108434,0.1378313253012048,19.167867867867862,17.957831325301203,,,,,3550,687,372,28.111077844311374,82.98203592814372,210219
2024,39,花蓮縣,24.232142857142858,0.9120481927710844,0.1849700598802395,22.05868263473054,21.04268292682927,,,,,4384,870,626,27.648502994011977,85.70658683,315374
2024,39,苗栗縣,25.34930139720559,1.266599597585513,0.1843259557344064,24.091532258064515,14.23293172690763,,,,,11780,1484,862,27.34730538922156,85.27744510978044,532854
2024,39,連江縣,38.01796407185629,0.5098765432098765,0.2082098765432098,41.06211180124224,17.496969696969696,,,,,67,8,7,25.33772455,84.06586826347305,13950
2024,39,金門縣,36.26347305389221,0.8289156626506023,0.2437349397590361,34.094545454545454,11.5,,,,,1470,63,59,27.137125748502992,87.19161676646706,143601
2024,39,雲林縣,32.791916167664674,1.350075642965204,0.1685388127853881,26.31117824773414,21.110271903323262,,,,,14025,1904,1332,28.86212575,85.36826347305389,658427
2024,39,高雄市,34.53208066,1.3004174397031538,0.2309406858202038,24.275266821345703,20.94057567,,,,,52420,7352,3707,29.271257485029945,81.24859372164762,2731412
2024,40,南投縣,40.409181636726544,0.8332,0.210998004,28.49620758483034,21.305835010060363,,,,,9137,1528,1011,27.520958083832337,77.76447105788422,472299
2024,40,嘉義市,42.62874251497006,1.5506097560975611,0.2252409638554217,32.56265060240963,28.373493975903614,,,,,5690,1156,608,27.769461077844312,83.40718562874251,262177
2024,40,嘉義縣,47.206586826347305,1.471556886227545,0.1980538922155688,36.058484848484845,35.524096385542165,,,,,8946,897,563,27.72694610778443,87.32035928143712,478786
2024,40,基隆市,16.431137724550897,0.7137096774193549,0.1719354838709677,20.917213114754095,12.338709677419354,,,,,5631,742,540,27.32,85.096,361441
2024,40,宜蘭縣,25.306818181818183,0.4843971631205674,0.1838248847926267,26.33538812785388,12.712328767123289,,,,,8837,1705,1373,26.97514970059881,92,449212
2024,40,屏東縣,35.395209580838326,1.9972368421052635,0.1686838709677419,33.63054124,20.47932816537468,,,,,11642,1982,1102,26.604890219560875,88.04391218,789239
2024,40,彰化縣,48.16526946107784,1.2522946859903383,0.2074309723889555,37.44939903846154,33.18335343787696,,,,,22772,3841,2260,28.102844311377247,87.33233532934132,1225675
2024,40,新北市,29.10502072777522,0.6761605415860735,0.2500143129770992,26.652848252752516,12.299470389985556,,,,,79245,10192,5156,27.032388858646343,84.42531301034295,4047001
2024,40,新竹市,32.28143713,0.8850299401197605,0.2062874251497006,32.85808383233533,15.019354838709678,,,,,7061,1895,1372,27.628143712574847,79.25149700598803,457242
2024,40,新竹縣,31.724550898203592,0.5284848484848486,0.1788888888888889,31.34204204204204,14.012048192771084,,,,,11661,1495,979,26.78562874251497,82.20658683,594641
2024,40,桃園市,31.20259481037924,0.8680527383367139,0.2366499498495486,29.76133866133866,14.766902119071643,,,,,38576,6000,3008,26.727245508982037,84.51596806387225,2338648
2024,40,澎湖縣,37.52095808383233,1.2323353293413175,0.1326946107784431,40.34670658682634,20.50609756097561,,,,,1500,88,76,27.45868263473054,88.05988023952096,107901
2024,40,臺中市,44.51257485,1.2496394230769232,0.2456610576923077,35.75580838323353,25.23734939759036,,,,,53814,13661,8693,28.03508982035928,83.57365269461077,2860601
2024,40,臺北市,28.78577549271637,0.6409498207885305,0.2651063829787234,24.990901060070676,9.638297872340424,,,,,40313,7057,4474,26.34042914171657,83.20111206,2490869
2024,40,臺南市,44.481437125748506,0.9546875,0.2347482014388489,32.06814371257485,28.307599517490956,,,,,26137,6218,3856,27.518413173652693,87.40868263473054,1858651
2024,40,臺東縣,23.949101796407184,0.7700598802395209,0.1225149700598802,25.100898203592816,10.383233532934131,,,,,2798,521,291,25.001197604790416,91.51197605,210219
2024,40,花蓮縣,21.562874251497007,1.1161676646706586,0.1835928143712575,21.70598802395209,12.090361445783133,,,,,3744,691,449,25.209580838323355,90.01197605,315374
2024,40,苗栗縣,34.19361277,1.2251004016064255,0.19002,31.7772,16.450704225352112,,,,,11983,1597,834,26.557884231536928,84.249501,532854
2024,40,連江縣,37.041916167664674,0.4802395209580838,0.1474251497005988,39.18862275449102,18.46385542168675,,,,,46,11,8,23.82754491017964,77.25149700598803,13950
2024,40,金門縣,36.44311377245509,1.1409638554216868,0.1802395209580838,34.00419161676647,21.632530120481928,,,,,1474,72,70,27.23233532934132,62,143601
2024,40,雲林縣,49.49850299401198,1.3272863568215891,0.2002118003025718,35.625748502994014,38.24132730015083,,,,,14223,1752,1172,27.84715568862276,86.99251497005989,658427
2024,40,高雄市,41.10087517273146,1.217355793772333,0.2808708560118753,30.109770395701023,24.40059642147117,,,,,42346,5425,2729,27.552286638843523,86.61759511,2731412
2024,41,南投縣,48.68063872255489,0.9585365853658536,0.2421887550200803,34.185341365461845,25.933467741935484,,,,,8784,1485,1061,26.67493013972056,77.88423153692614,472299
2024,41,嘉義市,53.25149700598802,2.960843373493976,0.2618072289156626,36.05963855421687,33.34337349,,,,,5575,1214,623,27.322155688622757,75.77245508982035,262177
2024,41,嘉義縣,50.47904191616767,1.6425981873111783,0.2290332326283988,41.12378048780488,35.43518518518518,,,,,8964,930,573,27.09431137724551,82.61377245508982,478786
2024,41,基隆市,37.11377245508982,1.018867924528302,0.2011111111111111,39.38086419753086,17.593939393939394,,,,,6274,840,548,25.23333333333333,82.71515151515152,361441
2024,41,宜蘭縣,31.03992015968064,0.5241379310344827,0.1796969696969697,32.28681542,18.22560975609756,,,,,8621,1794,1441,25.24071856287425,87.21856287,449212
2024,41,屏東縣,44.27684964200478,1.2232365145228214,0.2208464328899637,37.619249394673126,23.39879518072289,,,,,14794,2505,1521,27.016566866267464,84.88023952095809,789239
2024,41,彰化縣,47.60718562874251,1.6239709443099275,0.2325693606755126,41.05401459854015,30.434944237918216,,,,,21755,3478,2198,27.102994011976048,81.15269461077844,1225675
2024,41,新北市,36.95025334,0.7164739884393064,0.2809643705463183,35.43817049808429,19.85370457763096,,,,,81591,10439,5580,25.653321538740705,80.28963890401016,4047001
2024,41,新竹市,38.5748503,1.4588957055214724,0.246144578,38.83515151515152,17.30722891566265,,,,,6875,2083,1530,26.167664670658684,76.52095808383234,457242
2024,41,新竹縣,39.28742515,0.6996894409937888,0.1959036144578313,38.865045592705165,17.662650602409638,,,,,11703,1659,1056,25.37994011976048,77.95508982035928,594641
2024,41,桃園市,36.91117764471058,1.0334352701325178,0.27810101,35.571097683786505,20.615151515151517,,,,,39755,6424,3407,25.33992015968064,80.44810379241517,2338648
2024,41,澎湖縣,56.23353293413174,1.372121212121212,0.1637349397590361,51.74666666666667,17.96987951807229,,,,,1711,75,63,26.99640718562874,82.67065868263474,107901
2024,41,臺中市,40.18323353293413,1.1563035495716034,0.2374452554744525,36.32931873479319,22.87030303030303,,,,,52750,13356,8845,27.056287425149694,76.69940119760479,2860601
2024,41,臺北市,36.06757912745937,0.8039232781168265,0.284200519,33.05590277777778,17.738382099827884,,,,,43298,8030,5390,24.71826347305389,81.05902481,2490869
2024,41,臺南市,57.58922155688623,1.193031784841076,0.2614043583535109,37.90851581508516,37.536144578313255,,,,,27060,6582,4366,27.66601796407186,79.05239520958084,1858651
2024,41,臺東縣,29.829850746268654,0.9148036253776436,0.1656756756756756,31.33795180722892,17.349397590361445,,,,,3173,683,399,26.014670658682636,78.21556886227545,210219
2024,41,花蓮縣,31.041666666666668,1.1024096385542168,0.2338922155688622,31.51506024096385,22.04790419161677,,,,,4191,829,594,25.579640718562874,80.91616766467065,315374
2024,41,苗栗縣,39.13972055888224,1.395112016293279,0.2104655870445344,37.39089068825911,18.65991902834008,,,,,11677,1495,879,25.20578842315369,78.78642714570859,532854
2024,41,連江縣,73.05988023952096,0.7228915662650602,0.243855422,57.31454545454545,29.830303030303032,,,,,44,3,3,23.484431137724552,71.13173652694611,13950
2024,41,金門縣,66.74251497005989,1.2613496932515338,0.2746060606060606,52.72012195121951,28.44578313253012,,,,,1614,99,88,25.976047904191617,64.63473053892216,143601
2024,41,雲林縣,50.547904191616766,1.560670731707317,0.2360790273556231,40.898937784522005,34.18277945619335,,,,,13950,1786,1178,27.06821357285429,81.22604790419162,658427
2024,41,高雄市,56.38581952117864,1.525278990781174,0.3128763828763828,37.403833412210126,35.16556291390729,,,,,48494,6337,3328,27.973789483969124,80.06310776714969,2731412
2024,42,南投縣,76.67261904761905,0.9939485627836612,0.3026119402985074,36.97791045,40.558383233532936,,,,,8554,1479,1071,27.711576846307384,77.07185628742515,472299
2024,42,嘉義市,75.24553571428571,2.155357142857143,0.291875,37.418303571428574,43.52914798206278,,,,,5775,1229,714,28.216766467065867,79.50898203592814,262177
2024,42,嘉義縣,60.392857142857146,1.3369047619047618,0.22125,37.07270693512304,42.10762331838565,,,,,8750,982,591,28.069161676646708,87.90419161676647,478786
2024,42,基隆市,22.410714285714285,0.9159090909090908,0.2108597285067873,23.35229357798165,15.891891891891891,,,,,6098,1090,747,27.04311377245509,84.81437125748504,361441
2024,42,宜蘭縣,24.55952380952381,0.4943768996960486,0.194741641,22.39712556732224,15.861417322834646,,,,,8929,1663,1340,27.39760479041916,83.44311377245509,449212
2024,42,屏東縣,57.075268817204304,1.0848101265822785,0.2261926192619262,39.20632911392405,30.90958904109589,,,,,15195,2666,1551,28.019147786211967,80.63792415169661,789239
2024,42,彰化縣,59.22767857142857,1.5537340619307831,0.2532587287376902,33.357130044843046,40.25876010781671,,,,,21573,3604,2283,28.07679640718563,88.42664670658682,1225675
2024,42,新北市,32.08502581755594,0.7650551013153217,0.2889669565217391,24.822605363984675,19.30878777353248,,,,,80636,10582,5676,28.01898678568252,78.94735982580293,4047001
2024,42,新竹市,33.986607142857146,1.7463636363636363,0.2620909090909091,25.759090909090908,21.076576576576574,,,,,7016,2214,1582,28.37544910179641,77.01197605,457242
2024,42,新竹縣,40.96875,0.8138321995464852,0.2201360544217687,27.445681818181814,21.484234234234236,,,,,11615,1668,1096,27.623652694610776,76.95209580838323,594641
2024,42,桃園市,37.95610119047619,1.1364794007490635,0.3164381520119225,24.01183035714286,22.966991747936984,,,,,38594,5999,3269,27.9001996,77.85928143712574,2338648
2024,42,澎湖縣,37.13392857142857,1.3004484304932735,0.1392857142857143,39.440178571428575,19.41255605381166,,,,,1574,129,97,27.76526946107785,89.02994011976048,107901
2024,42,臺中市,63.03125,1.4735376044568245,0.3016018099547511,33.51507220216606,38.54774774774775,,,,,52742,13167,8657,28.41185628742515,81.48622754491018,2860601
2024,42,臺北市,32.01856594110115,0.8323852617970265,0.2921786632390745,24.807133676092548,18.46541693600517,,,,,44015,8590,5713,27.14315369261477,78.50028514399771,2490869
2024,42,臺南市,71.97410714285714,0.9166212534059944,0.2656509945750452,36.57217235,44.64240790655885,,,,,27687,6706,4430,28.43023952095809,81.05638723,1858651
2024,42,臺東縣,20.624161073825505,0.7606334841628959,0.1330786516853932,20.023094170403585,13.096846846846846,,,,,3226,733,470,27.34461077844312,76.15089820359282,210219
2024,42,花蓮縣,22.475336322869957,1.0909502262443438,0.1821524663677129,21.25454545454545,16.864864864864863,,,,,4267,929,639,27.25628743,80.25149700598803,315374
2024,42,苗栗縣,49.04017857142857,1.2378086419753087,0.2363746223564954,28.36084977,26.881559220389803,,,,,10913,1456,908,27.060279441117764,80.70459081836327,532854
2024,42,連江縣,52.30803571428572,0.7090909090909091,0.1809954751131221,42.49497716894977,29.730941704035875,,,,,83,7,7,25.459281437125743,79.84431138,13950
2024,42,金門縣,55.21875,0.9868778280542986,0.222286996,36.37342342342343,32.90134529147982,,,,,1537,93,85,27.785029940119763,68.69461077844312,143601
2024,42,雲林縣,61.84933035714285,1.587981859410431,0.2314078212290503,35.42772166,41.48933782267115,,,,,13724,1673,1083,28.02889221556886,86.46706586826348,658427
2024,42,高雄市,71.47129597799932,1.3398248686514886,0.310916955,38.66065007,43.709185441941074,,,,,49369,6858,3636,28.635801125022684,81.10079840319362,2731412
2024,43,南投縣,45.681636726546905,1.001673640167364,0.2656653225806452,29.58711656441718,26.233400402414485,,,,,8964,1550,1028,26.72295409181637,76.16766467065868,472299
2024,43,嘉義市,49.65269461077844,2.379012345679012,0.2841818181818182,33.202439024390245,35.66265060240964,,,,,5875,1252,730,27.052694610778445,77.19161676646706,262177
2024,43,嘉義縣,51.452095808383234,1.455015197568389,0.2200903614457831,36.32705167173253,48.84638554216868,,,,,9574,1052,655,26.71227545,85.73952095808383,478786
2024,43,基隆市,36.24550898203593,0.8304878048780487,0.1942424242424242,38.614634146341466,20.09036144578313,,,,,6141,1063,741,25.017964071856287,87.16766467065868,361441
2024,43,宜蘭縣,31.9001996,0.41663286,0.2005870445344129,33.69171717171717,16.214943705220062,,,,,8574,1742,1387,25.433832335329345,90.26047904191616,449212
2024,43,屏東縣,61.78558558558559,1.3041509433962264,0.2737407862407862,39.13760789149198,42.77275541795666,,,,,16047,2821,1640,27.856566866267467,81.61876248,789239
2024,43,彰化縣,43.49725776965265,1.182793650793651,0.2305160478288231,35.22482495,36.973634651600754,,,,,22151,3367,2106,26.635129740518963,85.64421157684632,1225675
2024,43,新北市,35.97098111469369,0.6587971698113207,0.2734932463903121,33.69697183098592,20.414000927213724,,,,,80568,10162,5711,25.574384629949584,84.68331519,4047001
2024,43,新竹市,36.89221556886228,1.3133333333333332,0.2745454545454545,33.844242424242424,20.018072289156628,,,,,6910,2204,1543,25.50359281437126,84.14371257,457242
2024,43,新竹縣,38.32035928143713,0.5057926829268293,0.2234259259259259,34.72272727272728,17.28614457831325,,,,,11719,1721,1155,24.915968063872253,85.21257485,594641
2024,43,桃園市,38.64035964035964,1.013389121338912,0.3134027425088878,32.37165474974464,23.407747196738026,,,,,39095,6176,3383,24.91616766467066,88.7994012,2338648
2024,43,澎湖縣,42.78443113772455,1.4411042944785275,0.1732121212121212,45.39515151515151,24.704819277108435,,,,,1699,106,53,26.173053892215567,86.01796407185628,107901
2024,43,臺中市,39.80718562874252,1.0498154981549817,0.2531001206272617,32.60798065296252,26.56234718826406,,,,,54154,13493,8937,26.920239520958084,79.67065868263474,2860601
2024,43,臺北市,33.81266039349872,0.7249674902470741,0.2695291576673866,32.02199566,15.23805424020663,,,,,43714,8222,5554,24.748782435129744,84.20694873988286,2490869
2024,43,臺南市,52.35808383233533,0.9421806853582556,0.250916818,34.20874147551147,45.596745027124776,,,,,30267,6701,4500,27.342215568862272,78.11976047904191,1858651
2024,43,臺東縣,35.25825825825826,0.7443768996960487,0.1619696969696969,27.78042489,27.756060606060608,,,,,3473,748,474,26.252594810379243,82.81736526946108,210219
2024,43,花蓮縣,25.922155688622755,1.0051359516616314,0.2320543806646526,27.377507598784195,15.906344410876132,,,,,4628,946,629,26.07305389221557,88.82035928143712,315374
2024,43,苗栗縣,38.32734530938124,1.0852356020942409,0.216329626,34.23039918116684,21.513595166163142,,,,,11001,1383,809,25.218562874251496,82.43912175648703,532854
2024,43,連江縣,49.55688622754491,0.5806646525679758,0.2057099697885196,47.55679758308157,31.88449848024316,,,,,66,7,7,22.895808383233533,71.31137724550898,13950
2024,43,金門縣,45.64670658682635,1.175535168195719,0.2550609756097561,41.39216867,32.15060240963855,,,,,1549,112,103,25.62574850299401,62.65868263473054,143601
2024,43,雲林縣,52.67215568862275,1.287452180566182,0.2332058148431522,34.84852160727824,51.16993957703927,,,,,13719,1839,1260,26.57365269461078,84.59816082,658427
2024,43,高雄市,61.80654076,1.6404451811508407,0.3462713450292397,32.23922807017544,49.3790454,,,,,54014,7016,3688,28.099070041734716,78.04839023252197,2731412
2024,44,南投縣,39.07692307692308,0.8024464831804282,0.2478578578578578,26.74805194805195,21.719597989949747,,,,,8640,1399,967,25.817325349301395,83.96686626746508,472299
2024,44,嘉義市,46.1497006,1.5343373493975905,0.2589820359281437,32.50598802,28,,,,,5423,1068,568,26.08742515,82.79041916167665,262177
2024,44,嘉義縣,41.85491419656786,1.3554098360655735,0.2230491803278688,37.22631578947368,36.29042904290429,,,,,9047,968,563,25.826546906187627,90.75748502994011,478786
2024,44,基隆市,33.08641975308642,0.7993150684931507,0.2004605263157894,37.65986842105264,20.335570469798657,,,,,5693,1068,747,24.830967741935485,86.00645161290322,361441
2024,44,宜蘭縣,33.662674650698605,0.463894523,0.1860320641282565,32.49539078156313,19.929435483870968,,,,,8096,1727,1370,25.06257485,91.02095808383234,449212
2024,44,屏東縣,48.343918514080286,1.592050473,0.2270517448856799,36.67932285368803,31.525547445255476,,,,,14988,2631,1578,26.802335329341314,85.99600798403193,789239
2024,44,彰化縣,38.95090909090909,1.101120797011208,0.2257960199004975,35.94351620947631,27.450563204005007,,,,,20925,3146,2031,25.97623752,87.59630738522955,1225675
2024,44,新北市,34.49965043113493,0.6626091173617846,0.2850455198850024,31.889691714836225,19.297374701670645,,,,,75607,9432,5280,24.98208313380075,86.78816911631283,4047001
2024,44,新竹市,34.545180722891565,1.3374233128834356,0.2357317073170731,33.92987804878049,16.84498480243161,,,,,6812,2186,1419,24.96,85.27878787878788,457242
2024,44,新竹縣,35.85928143712575,0.4774390243902439,0.192416918,34.477710843373494,13.734138972809667,,,,,11054,1557,1075,24.44371257,87.61676646706587,594641
2024,44,桃園市,34.102845731402894,0.8257142857142857,0.2637117026619789,31.26219081272085,18.25322331098504,,,,,37772,5949,3149,24.231287425149706,91.18454001088732,2338648
2024,44,澎湖縣,46.31736526946108,1.4473053892215568,0.1685893416927899,44.29461077844312,30.78527607361963,,,,,1574,88,64,25.75928143712575,86.51497005988024,107901
2024,44,臺中市,35.65508982035928,1.0009744214372716,0.2285336538461538,32.075240384615384,18.92270531400966,,,,,51143,12807,8677,26.022734530938127,83.83353293413174,2860601
2024,44,臺北市,33.19835426591598,0.7085333333333333,0.2988078291814947,30.015575221238937,15.162811387900357,,,,,40150,6966,4762,24.268254400290328,85.95226689478186,2490869
2024,44,臺南市,47.958083832335326,0.7593037214885955,0.2397245508982036,34.687822878228786,34.69240048250904,,,,,28589,6503,4506,26.55568862275449,83.06437125748504,1858651
2024,44,臺東縣,28.770958083832337,0.9907834101382488,0.1556946564885496,30.873846153846152,16.98170731707317,,,,,3040,574,327,25.926846307385237,82.82634730538922,210219
2024,44,花蓮縣,34.58682634730539,0.9679245283018868,0.2015076923076923,33.99156626506024,23.603658536585368,,,,,3895,766,502,25.945508982035925,88.99401198,315374
2024,44,苗栗縣,35.50099800399202,1.1530120481927713,0.19792,34.77510040160642,15.562248995983936,,,,,10459,1352,806,24.35189620758483,85.98403193612775,532854
2024,44,連江縣,47.25748502994012,0.6377245508982036,0.1967664670658682,43.25928143712575,28.710843373493976,,,,,55,4,4,22.59461077844312,72.24550898203593,13950
2024,44,金門縣,48.15568862275449,1.121212121212121,0.2479393939393939,38.56818181818182,32.33742331288344,,,,,1508,80,78,25.482035928143716,64.40119760479043,143601
2024,44,雲林縣,47.17153558052434,1.114022988505747,0.222864782,36.00660592255125,36.79538461538461,,,,,13025,1580,1116,25.88048902195609,86.95309381237524,658427
2024,44,高雄市,50.78115641557245,1.2782421781705278,0.3062732342007435,32.362774404483886,34.96503496503497,,,,,52955,6622,3635,27.22115995282163,83.83283433133732,2731412
2024,45,南投縣,46.531531531531535,1.0988786952089704,0.2796345177664974,29.368769074262463,26.282542885973765,,,,,9231,1343,967,24.694211576846307,75.69860279441117,472299
2024,45,嘉義市,56.60660660660661,3.050151976,0.3092401215805471,32.800607902735564,37.17522658610272,,,,,6134,1149,638,24.70843373493976,75.04216867,262177
2024,45,嘉義縣,48.55187969924812,1.61734375,0.2468364197530864,38.40950156,40.09284627092846,,,,,9746,1101,647,24.260441767068272,84.21987951807229,478786
2024,45,基隆市,40.46525679758308,0.8831804281345567,0.1982262996941896,43.49846153846154,22.571428571428573,,,,,6384,1029,753,22.93090909090909,81.96969696969697,361441
2024,45,宜蘭縣,32.89378758,0.524923391,0.1970153846153846,33.24374364191251,15.693239152371342,,,,,9365,1923,1507,22.127409638554216,91.7255489,449212
2024,45,屏東縣,65.99098557692308,1.3134886572654814,0.2809657701711491,44.57037944,40.52099817407182,,,,,16541,2789,1765,26.02689620758483,78.99700598802396,789239
2024,45,彰化縣,42.17007211538461,1.3319097010372178,0.225313833,39.59323909035034,29.44969696969697,,,,,23036,3428,2254,24.399669232962648,80.30225263758199,1225675
2024,45,新北市,41.80453388850336,0.7613760379596678,0.2747434381650508,37.73635503,25.99812602483017,,,,,86292,10052,5812,23.21989428685696,81.38818009913189,4047001
2024,45,新竹市,38.1981982,1.4676923076923076,0.2152307692307692,40.81277258566978,19.288753799392097,,,,,7335,2348,1649,23.560843373493974,76.46987951807229,457242
2024,45,新竹縣,39.42406015037594,0.5964615384615385,0.1723728813559322,41.60721966205837,17.384848484848487,,,,,13126,1660,1216,23.032035928143717,78.22754491017965,594641
2024,45,桃園市,40.33433584,1.1254140786749482,0.2588296219575349,38.26634171369933,25.22994923857868,,,,,42970,6365,3355,22.732744510978044,83.00998003992015,2338648
2024,45,澎湖縣,50.51951951951952,1.3691358024691358,0.1674153846153846,52.05914634146342,27.99090909090909,,,,,1520,113,96,24.62242424242424,80.95180722891567,107901
2024,45,臺中市,37.06550480769231,1.1734470158343484,0.2288922702373706,34.821964612568635,21.02297461,,,,,56657,12821,9004,24.46703640338371,75.13353293413174,2860601
2024,45,臺北市,41.15705679862307,0.7786566504639858,0.2951321585903084,35.57818021201413,22.417644502390264,,,,,47104,8015,5762,22.167160225004537,80.63942444780768,2490869
2024,45,臺南市,58.02704326923077,1.3902498476538696,0.2823240291262135,35.48291333743085,45.537855844942456,,,,,31019,7046,5037,24.94500998003992,77.3493014,1858651
2024,45,臺東縣,37.81831831831832,1.0703125,0.2102329192546584,36.51927330173776,27.77675840978593,,,,,3721,744,499,24.386027944111778,74.12275449101796,210219
2024,45,花蓮縣,32.67371601208459,0.6751592356687898,0.2539263803680981,34.318827160493825,21.64329268292683,,,,,4654,828,580,24.104938271604937,78.27777777777777,315374
2024,45,苗栗縣,39.45891783567134,1.3551478083588175,0.187364658,40.14470709146968,17.773737373737372,,,,,11188,1276,862,22.860110441767063,76.91244979919679,532854
2024,45,連江縣,74.98798798798799,0.8685975609756097,0.2397560975609756,59.62439024390244,39.37804878,,,,,84,11,11,20.89096385542169,63.41317365269461,13950
2024,45,金門縣,62.933933933933936,1.5750798722044728,0.2520127795527156,53.63999999999999,35.03669724770642,,,,,1719,106,100,23.03855421686747,54.68862275449102,143601
2024,45,雲林縣,50.8993994,1.5382126348228042,0.2435692068429238,38.99954198473282,37.841906202723145,,,,,13914,1491,1068,24.36790734366036,80.16124893,658427
2024,45,高雄市,71.37638632162661,1.916152751,0.3854950495049505,34.49834005216979,51.42984097287184,,,,,59198,6788,3813,26.25769251540209,76.92898866,2731412
2024,46,南投縣,66.47504990019961,1.2353413654618477,0.2906237424547284,19.561077844311377,37.00804828973843,,,,,8991,1348,986,25.323952095808384,84.21756487025948,472299
2024,46,嘉義市,82.31137724550898,3.3613496932515337,0.3228834355828221,20.56219512195122,53.72121212121212,,,,,5805,1301,699,25.582634730538924,82.86227545,262177
2024,46,嘉義縣,54.91317365269461,1.4236526946107784,0.2122356495468278,25.67537537537537,43.28012048192771,,,,,9699,1108,666,25.264670658682636,95.22155688622756,478786
2024,46,基隆市,26.437125748502996,0.8789156626506024,0.1592168674698795,26.51566265060241,12.048484848484849,,,,,6409,1041,773,25.00359281437126,88.47305389221557,361441
2024,46,宜蘭縣,21.800399201596807,0.5599597585513079,0.1532525252525252,20.430260521042086,11.41566265060241,,,,,9610,1965,1552,24.90928143712575,92.55688622754492,449212
2024,46,屏東縣,53.958033573141485,0.9418092909535452,0.2228239608801956,27.059405339805828,31.439127801332525,,,,,15873,2707,1675,26.19090818363273,86.47105788423153,789239
2024,46,彰化縣,51.19760479041916,1.4251807228915665,0.2544512195121951,24.487123947051742,38.14475271411339,,,,,22596,3400,2244,25.383917878528656,93.39071856287426,1225675
2024,46,新北市,41.22109626900046,0.7269437310296522,0.3052700186219739,23.840699300699303,20.61111111111111,,,,,84626,10130,5882,25.31704360899883,87.87152966793685,4047001
2024,46,新竹市,46.16167664670659,1.3212121212121213,0.2655421686746987,26.643373493975904,20.726666666666667,,,,,6911,2259,1720,25.05481927710844,85.82035928143712,457242
2024,46,新竹縣,44.689655172413794,0.6101538461538462,0.2103313253012048,26.65242424242424,19.48942598187311,,,,,12323,1574,1149,24.87095808383233,88.90718562874251,594641
2024,46,桃園市,52.96506986027944,1.1879032258064517,0.3211290322580645,25.67105263157895,27.972164948453607,,,,,41572,6434,3321,24.601796407185628,91.7744511,2338648
2024,46,澎湖縣,35.93413173652694,1.2862275449101797,0.1342944785276073,38.94131736526946,20.259036144578317,,,,,1610,114,97,24.91317365269461,92.17365269461078,107901
2024,46,臺中市,56.61317365269461,1.2303874092009686,0.308998779,20.753479853479853,36.74691358024691,,,,,55009,12635,9094,25.677205588822357,88.77964071856287,2860601
2024,46,臺北市,35.366609294320135,0.7685117967332123,0.3128710247349823,21.978419182948493,14.86451048951049,,,,,46023,8038,5673,24.90935401923426,83.31422868548617,2490869
2024,46,臺南市,66.34610778443114,0.8975520195838432,0.2653276699029126,22.96418269230769,45.66224366706876,,,,,29724,6706,4704,25.603443113772453,88.77095808383234,1858651
2024,46,臺東縣,19.530734632683657,0.9769347496206372,0.138693009,14.714887218045112,14.74397590361446,,,,,3330,775,532,24.6746507,86.7005988,210219
2024,46,花蓮縣,20.508982035928145,1.3634730538922155,0.2116766467065868,16.265868263473056,17.59036144578313,,,,,4679,890,655,25.420958083832332,85.24550898203593,315374
2024,46,苗栗縣,47.91417165668663,1.3675350701402804,0.2409572301425662,23.703225806451613,25.971887550200805,,,,,10890,1298,920,24.389021956087824,89.70459081836327,532854
2024,46,連江縣,48.06586826347306,0.6734939759036145,0.1879041916167664,42.64371257,22.672727272727272,,,,,66,4,4,22.01197604790419,78.77844311377245,13950
2024,46,金門縣,40.38922155688623,1.109493670886076,0.2184276729559748,36.80318471,21.246987951807228,,,,,1551,101,100,24.93173652694611,69.08982035928143,143601
2024,46,雲林縣,57.92964071856287,1.3383458646616542,0.2238009049773755,25.40990990990991,41.69195751138088,,,,,13608,1581,1142,25.32200598802395,91.37275449101796,658427
2024,46,高雄市,77.26598702502316,1.4940636042402828,0.3781020166073547,21.52909219190969,48.03200753118381,,,,,56692,6954,4074,26.33042292039298,87.01568543916584,2731412
2024,47,南投縣,37.68975903614458,1.2127659574468086,0.2558561296859169,21.94417426545086,20.07527975584944,,,,,9781,1335,1001,23.07305389221557,80.27911646586345,472299
2024,47,嘉義市,44.18373493975904,3.757750759878419,0.2795440729483283,23.99270516717325,28.404255319148938,,,,,6603,1290,740,23.06909090909091,73.42771084337349,262177
2024,47,嘉義縣,39.390060240963855,1.9638330757341576,0.2218057663125948,32.14091603053435,36.34294385432474,,,,,10493,1289,835,22.74191616766467,87.18263473053892,478786
2024,47,基隆市,38.51807228915663,0.9715596330275228,0.1815197568389057,42.37203647416413,17.15501519756839,,,,,6538,1103,813,20.63053892215569,86.49700598802396,361441
2024,47,宜蘭縣,31.39231547017189,0.5258298755186722,0.16875,34.78333333333333,8.855371900826446,,,,,10583,2076,1639,20.214670658682635,95.67664670658682,449212
2024,47,屏東縣,58.9141994,1.2033763044812769,0.2886544342507645,34.54495412844037,38.165542611894544,,,,,17116,2994,1814,24.92896586345381,82.61646586345383,789239
2024,47,彰化縣,32.194695599758894,1.3260576333537708,0.2164727495407226,33.75922509225092,20.27794746487477,,,,,25462,3509,2393,22.75189620758483,82.23303393213573,1225675
2024,47,新北市,35.80074142724745,0.7324126534466477,0.2702535545023696,34.76454502593117,18.06665107577175,,,,,92214,10633,6341,20.650728811914814,87.68832335329341,4047001
2024,47,新竹市,32.93072289156626,1.3993846153846154,0.2195107033639143,36.24097859327217,13.547540983606558,,,,,7497,2271,1670,21.346706586826347,79.97005988023952,457242
2024,47,新竹縣,34.50903614457831,0.7047546012269938,0.1707076923076923,38.07760736196319,11.384146341463415,,,,,13737,1718,1154,21.04011976047904,83.32035928143712,594641
2024,47,桃園市,34.088855421686745,1.076725025746653,0.2632489669421487,33.85681114551084,17.427766393442624,,,,,45335,6350,3669,20.49827345309381,87.34421158,2338648
2024,47,澎湖縣,41.53313253012048,1.2152905198776758,0.1645510835913312,45.17629179331307,21.258358662613983,,,,,1787,54,32,23.07891566,82.05421686746988,107901
2024,47,臺中市,27.515370705244123,1.2346608587429992,0.2202103960396039,29.55,12.343331206126356,,,,,60137,13261,9660,22.51748502994012,79.64125083166999,2860601
2024,47,臺北市,35.788088044885626,0.8579115367077064,0.2847222222222222,32.398039215686275,14.68610258658483,,,,,50544,8347,5914,19.925946591665152,84.81288850869689,2490869
2024,47,臺南市,46.184559710494575,1.2634627233518176,0.2550859950859951,26.779422604422606,38.792073170731705,,,,,33320,7487,5209,23.36129518072289,78.88253012048193,1858651
2024,47,臺東縣,30.409365558912388,1.201547987616099,0.1803506097560975,33.46656488549618,15.430091185410337,,,,,3984,898,595,22.80979797979798,79.82228915662651,210219
2024,47,花蓮縣,32.355421686746986,1.3724770642201836,0.2483586626139818,33.69787234042553,19.142857142857142,,,,,5139,977,712,23.133734939759037,79.12048192771084,315374
2024,47,苗栗縣,32.28714859437751,1.2800610376398778,0.1862487257900102,35.75137334689725,10.134282807731434,,,,,12359,1253,832,20.793912175648703,81.09381238,532854
2024,47,連江縣,48.33433734939759,0.7,0.1951393188854489,39.604615384615386,27.667692307692302,,,,,106,3,3,17.76829268292683,69.80487805,13950
2024,47,金門縣,37.66566265060241,1.1015290519877676,0.2324464831804281,34.00948012232416,20.617737003058103,,,,,1647,102,98,19.942168674698795,69.43373493975903,143601
2024,47,雲林縣,42.31325301204819,1.5513824884792626,0.2240137614678899,33.22821100917431,35.23206106870229,,,,,15059,1683,1311,22.79578313253012,82.18825301,658427
2024,47,高雄市,64.14505956552208,1.9252108941913717,0.4024393174717616,22.850900792697576,46.930811587263584,,,,,62039,7484,4296,24.818474377464685,79.29230558598029,2731412
2024,48,南投縣,60.28950863213812,1.3526881720430106,0.3007856191744341,27.58082556591212,32.903743315508024,,,,,10512,1376,1083,20.19001996007984,73.70658683,472299
2024,48,嘉義市,63.12749003984064,3.7,0.3109561752988047,31.12828685258964,44.08097165991903,,,,,6773,1266,749,20.80119760479042,60.01807228915663,262177
2024,48,嘉義縣,53.05577689243028,2.200199600798403,0.2416566866267465,36.228514056224896,46.86372745490982,,,,,11087,1148,714,20.26497005988024,75.29640718562874,478786
2024,48,基隆市,35.54581673306773,1.1799196787148596,0.266812749,32.91075697211156,22.72289156626506,,,,,7261,1093,829,18.481437125748503,74.54491017964072,361441
2024,48,宜蘭縣,31.385057471264368,0.9110679611650484,0.2113487475915221,31.517692307692307,20.86073500967118,,,,,11210,1998,1599,18.876646706586826,77.33532934131736,449212
2024,48,屏東縣,62.521319388576025,1.303363412633306,0.2897438016528925,40.45337726523888,41.20508614,,,,,17991,3109,1912,22.468413173652696,73.72455089820359,789239
2024,48,彰化縣,45.10765550239235,1.848,0.2617665867306155,36.023212851405624,35.08608205953339,,,,,27939,3531,2486,20.29448246364414,71.22754491017965,1225675
2024,48,新北市,41.11492491572173,1.0848898541731309,0.2997693017533067,34.086995377503854,28.19542362399505,,,,,100988,10484,6429,19.22707036519845,68.50680457267283,4047001
2024,48,新竹市,36.33864541832669,1.5708502024291495,0.2670731707317073,34.4272,23.346774193548388,,,,,8868,2407,1817,19.49520958083832,65.56287425,457242
2024,48,新竹縣,36.75298804780876,1.1828685258964142,0.219251012,35.01573705179283,23.156626506024097,,,,,15608,1793,1298,18.932035928143712,71.75748502994011,594641
2024,48,桃園市,40.97808764940239,1.4583780160857909,0.3081642189586114,33.86468624833111,28.169571045576408,,,,,50650,6244,3765,19.12183632734531,66.88772455,2338648
2024,48,澎湖縣,44.38247011952191,1.1336,0.1751440329218107,46.88007968,21.972,,,,,2104,59,38,21.12694610778443,71.69461077844312,107901
2024,48,臺中市,44.07569721115538,1.577572347266881,0.2926821457165732,29.99759807846277,29.32852564102564,,,,,65632,14436,10463,20.261197604790414,67.02395209580838,2860601
2024,48,臺北市,40.397268070574846,1.2682968929804377,0.3015349369988545,33.01505437893532,26.418056354226568,,,,,55471,8285,5929,18.475572491380877,67.28386084972911,2490869
2024,48,臺南市,60.473306772908366,1.63936,0.276145251,33.21224,50.173354735152486,,,,,35760,7760,5518,21.00314371257485,66.81137724550898,1858651
2024,48,臺東縣,33.86852589641434,1.197609561752988,0.2004627766599597,33.462549800796815,24.656,,,,,4110,897,566,20.5497006,70.18562874251496,210219
2024,48,花蓮縣,33.42459397,1.1221674876847292,0.2536029411764706,31.85085995085995,26.994169096209912,,,,,5295,1015,706,20.58682634730539,71.39520958083833,315374
2024,48,苗栗縣,38.078457446808514,1.595558546433378,0.2326639892904953,34.35469168900804,23.26809651474531,,,,,14142,1475,981,18.485349301397207,70.65449101796406,532854
2024,48,連江縣,42.13654618473896,0.9012765957446808,0.227,41.99666666666667,27.90740740740741,,,,,98,10,7,16.319254658385095,62.312056737588655,13950
2024,48,金門縣,41.13654618473896,1.2991902834008096,0.2632793522267206,38.28380566801619,27.14574898785425,,,,,1794,102,95,18.564848484848483,57.46938775510204,143601
2024,48,雲林縣,56.05084745762712,1.7360970677451972,0.2528370221327968,36.020181634712415,46.18008048289738,,,,,16878,1756,1319,20.348381807812945,72.5494012,658427
2024,48,高雄市,71.09653692920625,1.8615265760197772,0.3732416563658838,32.49303329223181,52.24420401854714,,,,,65141,7176,4136,22.423752495009985,66.1996008,2731412
2024,49,南投縣,76.70459081836327,1.368559837728195,0.3350607287449393,31.079107505070997,38.61569416498994,,,,,11955,1424,1071,20.56806387225549,74.92215568862275,472299
2024,49,嘉義市,82.93413173652695,2.2042682926829267,0.3432121212121212,35.86060606060606,50.036144578313255,,,,,7240,1382,788,21.678443113772456,68.19161676646706,262177
2024,49,嘉義縣,72.38622754491018,1.967069486404834,0.2932326283987915,37.44108761329305,53.20481927710844,,,,,11748,1364,866,21.121987951807228,87.47005988023952,478786
2024,49,基隆市,39.68263473053892,1.2006024096385544,0.2846385542168674,38.06060606060606,20.228915662650603,,,,,7938,1237,946,20.641916167664668,77.49101796407186,361441
2024,49,宜蘭縣,31.65868263473054,1.0544891640866874,0.2298776758409786,32.15692307692308,18.301538461538463,,,,,12322,2203,1817,20.126646706586826,84.66766467065868,449212
2024,49,屏東縣,74.07425149700599,1.437378640776699,0.2794424242424242,46.61818181818182,43.18060606060606,,,,,19473,3082,1961,23.008383233532932,74.53493013972056,789239
2024,49,彰化縣,65.79041916167665,1.8716363636363635,0.3207272727272727,36.99878640776699,43.43667068757539,,,,,31708,3984,2769,21.241566866267465,82.80738522954093,1225675
2024,49,新北市,43.02257024412713,0.9370232558139534,0.3329170549860205,36.891233005157055,25.695441319107665,,,,,109409,11167,7270,21.03184993649065,72.86173108328796,4047001
2024,49,新竹市,45.07784431137725,1.9596385542168675,0.3148795180722892,37.17469879518072,25.879518072289155,,,,,9789,2503,1798,21.11556886227545,69.23952095808383,457242
2024,49,新竹縣,42.721556886227546,1.2289156626506024,0.2517933130699088,38.45783132530121,23.08734939759036,,,,,17725,1918,1336,20.75508982035928,73.2994012,594641
2024,49,桃園市,46.25948103792416,1.3801820020222446,0.3376535750251762,37.285714285714285,28.62374245472837,,,,,52914,6899,4339,20.816766467065868,72.19221556886228,2338648
2024,49,澎湖縣,53.293413173652695,1.1578313253012047,0.1987349397590361,53.36363636363637,23.548192771084334,,,,,2191,55,39,22.356287425149706,79.11976047904191,107901
2024,49,臺中市,61.78203592814371,1.57675,0.3586094316807738,32.08902439,35.93357487922705,,,,,72017,15526,11265,21.245868263473053,76.51137724550898,2860601
2024,49,臺北市,42.36526946107784,1.211923411662315,0.338038029,35.18614718614719,23.993109388458222,,,,,58638,8986,6785,20.34726546906188,72.69546621043627,2490869
2024,49,臺南市,79.96407185628742,1.557560975609756,0.323978102,35.58809234507898,56.475271411338966,,,,,38376,9752,7445,21.73248502994012,76.44910179640719,1858651
2024,49,臺東縣,30.601796407185628,1.049546827794562,0.1843202416918428,32.04216867469879,19.960843373493976,,,,,4561,1033,716,21.627245508982035,71.43712575,210219
2024,49,花蓮縣,30.751497005988025,0.8827272727272728,0.2653191489361702,31.595166163141997,20.27519379844961,,,,,6217,1055,739,21.682035928143712,73.96407185628742,315374
2024,49,苗栗縣,46.32934131736527,1.535685483870968,0.2611895161290323,36.321862348178136,24.873493975903614,,,,,15685,1510,968,19.87365269461078,76.56487025948104,532854
2024,49,連江縣,63.86826347305389,1,0.2740361445783132,50.43373493975904,35.566265060240966,,,,,100,18,16,17.539156626506024,71.67664670658682,13950
2024,49,金門縣,68.64670658682634,1.5451219512195122,0.308433735,42.65644171779141,41.566265060240966,,,,,1999,109,104,19.55389221556886,67.40718562874251,143601
2024,49,雲林縣,76.23952095808383,1.7746153846153847,0.2834969325153374,38.96319018404908,52.46889226100152,,,,,17252,1872,1437,21.261676646706587,81.76197605,658427
2024,49,高雄市,84.94150161,2.030351288056206,0.3983893557422969,37.88655462184874,55.94662921348315,,,,,69080,7704,4412,22.924224278715297,72.43921248412266,2731412
2024,50,南投縣,47.58483033932136,1.3106425702811246,0.3085,25.369477911646587,24.88531187122737,,,,,11557,1479,1155,19.038522954091817,76.61077844311377,472299
2024,50,嘉義市,51.82035928143713,2.3508982035928145,0.3353892215568862,28.67065868263473,34.763636363636365,,,,,7423,1348,759,19.731736526946108,66.58682634730539,262177
2024,50,嘉義縣,49.90119760479042,1.6148936170212764,0.2883081570996979,33.923312883435585,46.78787878787879,,,,,11817,1291,815,19.29191616766467,83.48203592814372,478786
2024,50,基隆市,41.81437125748503,1.0012048192771084,0.2848502994011976,34.68263473053892,18.76506024096385,,,,,7972,1306,1020,17.134131736526946,86.40119760479043,361441
2024,50,宜蘭縣,30.365269461077844,0.8898461538461538,0.2505810397553517,30.08125,12.58433734939759,,,,,11595,2096,1804,18.028742514970062,85.03592814371258,449212
2024,50,屏東縣,61.57604790419162,1.5475030450669915,0.3174878640776699,37.023058252427184,41.13196126,,,,,19352,3044,1970,21.6748503,75.34730538922156,789239
2024,50,彰化縣,41.40359281437126,1.521968787515006,0.2937454981992797,32.76265060240964,28.301088270858525,,,,,31198,3890,2729,19.307784431137726,79.84131736526946,1225675
2024,50,新北市,43.20912022109627,0.8488045007032349,0.3493148148148148,29.978464419475657,23.310553231055323,,,,,103481,10857,7036,17.38126474324079,84.82596624931953,4047001
2024,50,新竹市,40.40718562874252,1.256875,0.2953293413173652,31.910179640718564,20.40963855421687,,,,,9674,2467,1761,17.867065868263474,78.07185628742515,457242
2024,50,新竹縣,39.98802395209581,0.894224924,0.2533434650455927,33.125,18.063253012048197,,,,,17783,1953,1407,17.524550898203593,80.71556886227545,594641
2024,50,桃園市,44.48403193612774,1.1287712287712288,0.3264135864135864,30.879759519038075,23.110552763819097,,,,,49688,6647,4364,17.113473053892214,84.37125748502994,2338648
2024,50,澎湖縣,46.395209580838326,1.2851851851851852,0.2317283950617283,42.81366459627329,21.151515151515152,,,,,2064,58,46,20.04790419161677,79.82634730538922,107901
2024,50,臺中市,39.38922155688623,1.3618932038834952,0.3097954271961492,29.753309265944644,21.80864197530864,,,,,72245,15438,11389,19.16347305389221,74.51856287,2860601
2024,50,臺北市,41.48930710008554,1.0005231037489102,0.371961971,29.02586206896552,18.921416234887737,,,,,56993,8720,6313,16.860878243512975,80.27288280581695,2490869
2024,50,臺南市,52.58802395209581,1.376969696969697,0.3064805825242718,30.087591240875916,44.62515114873035,,,,,37683,9396,7114,19.95434131736527,73.6497006,1858651
2024,50,臺東縣,31.233532934131738,1.0596385542168676,0.2260542168674698,32.885885885885884,17.10703363914373,,,,,4371,1047,756,20.414670658682635,74.14071856287426,210219
2024,50,花蓮縣,31.020958083832337,0.8771341463414634,0.2729483282674771,31.24770642201835,16.626506024096386,,,,,6019,928,655,20.232934131736528,75.28742515,315374
2024,50,苗栗縣,39.86027944111776,1.4139720558882236,0.2639520958083832,31.63894523326572,18.132530120481928,,,,,15466,1562,1031,17.273053892215568,78.99600798403193,532854
2024,50,連江縣,65.81437125748504,1.1994011976047905,0.2908383233532934,37.33734939759036,30.986013986013987,,,,,122,12,12,13.85628743,62.862275449101794,13950
2024,50,金門縣,63.77844311377245,1.5718562874251496,0.3720958083832335,34.01197604790419,36.60843373493976,,,,,1919,148,143,16.78682634730539,62.06586826347306,143601
2024,50,雲林縣,52.73502994011976,1.666315789473684,0.2872522522522522,33.45454545454545,47.02413273001508,,,,,17485,1895,1441,19.33128743,79.32634730538922,658427
2024,50,高雄市,62.24274527867343,1.7768691588785046,0.3957794322940902,28.14626168224299,48.17578307620384,,,,,68379,7660,4426,21.27922337143894,71.51320087,2731412
2024,51,南投縣,64.01996007984032,1.3770623742454728,0.3465931863727454,22.305835010060363,32.73641851,,,,,12241,1718,1135,16.306786427145706,74.00598802,472299
2024,51,嘉義市,67.79640718562874,4.495151515151515,0.3623636363636363,26.76969696969697,42.54819277108434,,,,,7709,1463,718,16.910909090909094,60.566265060240966,262177
2024,51,嘉義縣,58.26047904191617,2.061329305135952,0.284969697,34.49848024,49.96686746987952,,,,,12317,1427,879,16.56437125748503,77.06586826347305,478786
2024,51,基隆市,44.958083832335326,1.2602409638554215,0.2613253012048193,40.46666666666667,24.824242424242424,,,,,8181,1395,969,15.38383233532934,76.79640718562874,361441
2024,51,宜蘭縣,36.37724550898204,0.9441717791411044,0.2433434650455927,31.740853658536587,22.32831325301205,,,,,11977,2260,1785,15.547904191616766,81.37724550898204,449212
2024,51,屏東縣,74.01916168,1.5942542787286065,0.3397931873479319,36.204878048780486,46.066505441354295,,,,,19910,3214,1970,19.568862275449103,70.23552894211578,789239
2024,51,彰化縣,50.38203592814372,1.695042321644498,0.2899516324062878,34.748768472906406,36.11030303030303,,,,,32346,4105,2598,16.569760479041918,73.37874251497006,1225675
2024,51,新北市,50.10594196222939,1.010981308411215,0.3408717948717948,34.34001865671642,32.31197771587744,,,,,108785,12745,7520,15.344089094538196,76.07561241154056,4047001
2024,51,新竹市,48.49700598802395,1.6290123456790122,0.279079755,37.691823899371066,30.22289156626506,,,,,10510,2741,1883,15.874691358024691,68.87730061349693,457242
2024,51,新竹縣,43.946107784431135,1.393333333333333,0.2387575757575757,38.16,27.13855421686747,,,,,18005,1998,1341,15.217964071856288,71.94610778443113,594641
2024,51,桃園市,51.92814371257485,1.478498985801217,0.3103125,35.55241935483871,33.08643216080402,,,,,53472,7394,4158,14.969461077844311,74.60878243512974,2338648
2024,51,澎湖縣,51.5748503,0.9806060606060608,0.2076219512195121,48.60240963855421,22.79268292682927,,,,,2364,126,109,17.889820359281437,74.79041916167665,107901
2024,51,臺中市,46.36886228,1.537515078,0.2946320868516284,30.98150431565968,27.56746987951807,,,,,74681,16174,11538,16.324760479041917,69.63592814371258,2860601
2024,51,臺北市,49.66809238665526,1.191262975778547,0.346139896,33.07965367965368,28.76358930112165,,,,,59897,9656,6579,14.497045908183631,75.69261477045907,2490869
2024,51,臺南市,68.98443113772456,1.6856626506024095,0.3211204819277108,29.66142684401451,50.929951690821255,,,,,39840,9487,7115,17.255139720558883,68.08532934131736,1858651
2024,51,臺東縣,34.33832335329341,1.0337662337662337,0.2381873111782477,34.124242424242425,23.203030303030303,,,,,4587,1070,713,17.723353293413176,69.91317365269461,210219
2024,51,花蓮縣,34.73952095808383,0.7475757575757576,0.3081818181818181,31.009118541033438,22.527272727272727,,,,,6304,1028,711,17.61987951807229,72.5,315374
2024,51,苗栗縣,46.249501,1.6829317269076305,0.2542369477911647,35.645161290322584,26.65794769,,,,,15445,1511,955,14.646107784431138,73.01996007984032,532854
2024,51,連江縣,79.08383233532935,1.533939393939394,0.2630909090909091,49.40361445783133,40.9,,,,,83,22,13,12.113173652694613,49.29940119760479,13950
2024,51,金門縣,86.29341317,2.602424242424242,0.3312121212121212,45.054545454545455,49.42771084,,,,,2199,155,148,13.91377245508982,49.35151515151515,143601
2024,51,雲林縣,65.27844311377245,1.8845454545454543,0.3029090909090909,33.93051359516616,51.47662141779789,,,,,17853,1937,1391,16.600748502994012,74.08832335329342,658427
2024,51,高雄市,82.49516351911562,1.948113646949232,0.4336761284318288,25.573632538569424,56.48139534883721,,,,,72031,8075,4513,18.87830767037354,64.89670658682634,2731412
2024,52,南投縣,53.0499002,1.228370221327968,0.3255,19.243951612903224,25.737373737373737,,,,,12033,2195,1097,17.374850299401196,82.45508982035928,472299
2024,52,嘉義市,56.383233532934135,3.842567567567568,0.3654901960784313,23.869281045751634,37.04545454545455,,,,,8198,1559,707,17.379518072289155,73.69879518,262177
2024,52,嘉義縣,50.032934131736525,1.438961038961039,0.2921153846153846,32.406451612903226,43.41800643086817,,,,,12566,1454,901,17.260778443113775,87.90119760479043,478786
2024,52,基隆市,44.92215568862275,1.1077844311377243,0.2911377245508982,37.01197604790419,23.05421686746988,,,,,8915,1460,982,16.52994011976048,81.48502994011976,361441
2024,52,宜蘭縣,35.02395209580838,1.1305135951661631,0.247814371,30.34036144578313,17.783132530120483,,,,,12717,2523,1909,16.53293413173653,87.32934131736526,449212
2024,52,屏東縣,70.27544910179641,1.4160048134777377,0.3641296518607443,28.129901960784316,40.03402187120292,,,,,20475,3552,2060,19.69800399201597,83.40718562874251,789239
2024,52,彰化縣,45.84555984555985,1.294240837696335,0.2823636363636363,32.676584734799484,31.766623207301173,,,,,33698,4535,2930,17.314670658682637,82.40269461077844,1225675
2024,52,新北市,47.63334869,0.796455224,0.3411261682242991,31.943537097526832,29.596924510717614,,,,,115129,15588,7707,16.510891852658318,82.26869896570494,4047001
2024,52,新竹市,45.29940119760479,1.5234939759036146,0.2795209580838323,35.65868263473054,25.88554217,,,,,10548,2913,1774,16.591017964071856,75.69461077844312,457242
2024,52,新竹縣,42.47604790419162,0.986186186,0.2342942942942942,35.97897897897898,22.24096385542169,,,,,18380,2474,1518,16.212275449101796,79.24550898203593,594641
2024,52,桃園市,49.29740518962076,1.1521084337349397,0.3101202404809619,33.11835506519559,29.24768756423433,,,,,55938,8726,4485,15.915968063872256,82.15469061876247,2338648
2024,52,澎湖縣,54.790419161676645,0.8355421686746988,0.2166060606060606,46.91566265060241,26.16867469879518,,,,,2477,115,85,17.70119760479042,81.82035928143712,107901
2024,52,臺中市,40.48023952095809,1.3528846153846152,0.2961510791366906,28.029268292682925,22.280722891566263,,,,,77446,18491,12211,17.17940119760479,79.21556886227545,2860601
2024,52,臺北市,46.51027397260274,0.9721791559000862,0.3625859106529209,30.84694755,24.098445595854923,,,,,64040,11422,6410,15.816347305389222,81.64798973481608,2490869
2024,52,臺南市,62.66586826347305,1.2587244283995187,0.324136691,26.046116504854368,43.04957678355502,,,,,41242,10636,7621,17.711576846307388,80.28592814371258,1858651
2024,52,臺東縣,30.10479041916168,1.145141065830721,0.2368168168168168,32.02994011976048,15.33132530120482,,,,,4727,1019,668,18.391616766467067,79.10479041916167,210219
2024,52,花蓮縣,31.643712574850294,0.5906906906906907,0.3015963855421686,30.966966966966968,16.80421686746988,,,,,6653,1344,854,18.751497005988025,77.77844311377245,315374
2024,52,苗栗縣,41.21357285429141,1.3998,0.25038,33.08829568788501,21.11646586345381,,,,,15908,1588,971,15.68882235528942,80.57485029940119,532854
2024,52,連江縣,85.2994012,1.382716049382716,0.2960122699386503,46.59509202453988,54.64596273291925,,,,,122,12,10,12.298159509202453,57.65030674846626,13950
2024,52,金門縣,88.78443113772455,1.8818181818181816,0.3472455089820359,43.73053892215569,49.45180722891566,,,,,2392,140,118,15.01377245508982,54.84431137724551,143601
2024,52,雲林縣,55.76347305389221,1.4500000000000002,0.2845770392749245,32.314674735249625,41.51285930408472,,,,,19226,2175,1506,17.271257485029942,83.35179640718563,658427
2024,52,高雄市,78.76278212805158,1.5028116213683225,0.4534821013482101,18.743249644718144,48.27196652719665,,,,,75775,9652,4816,18.89079114498276,80.28080203229904,2731412
2025,1,南投縣,65.30139720558883,1.417382413087935,0.3542020202020202,22.63211382113821,30.572874493927124,,,,,12472,2460,1207,17.424550898203595,78.49700598802396,472299
2025,1,嘉義市,76.19760479041916,2.3177914110429447,0.3828915662650602,28.88554217,43.20481927710844,,,,,8539,1652,687,17.962275449101796,67.97005988023952,262177
2025,1,嘉義縣,66.06287425,1.796794871794872,0.2995238095238095,36.29712460063898,45.23101265822785,,,,,13714,1772,1063,17.481137724550898,85.28443113772455,478786
2025,1,基隆市,48.52095808383233,1.3439759036144578,0.2783734939759036,39.21212121212121,28.66867469879518,,,,,9408,1948,1440,16.77065868263473,74.38922155688623,361441
2025,1,宜蘭縣,45.51197604790419,0.9706060606060608,0.2562537764350453,31.917933130699087,26.093373493975903,,,,,13566,2930,2180,16.829640718562874,79.66766467065868,449212
2025,1,屏東縣,74.66826347,1.4618404907975462,0.343921569,33.28341584158416,40.660493827160494,,,,,21994,3931,2185,20.08143713,77.77844311377245,789239
2025,1,彰化縣,59.99351492,1.77893864,0.3027079934747145,38.04111842105263,40.66286645,,,,,36430,5124,2960,17.41122754491018,76.18862275449102,1225675
2025,1,新北市,56.60386918470751,0.8629363940698231,0.3506679121905651,34.24741784037559,35.11710037174721,,,,,123898,18902,7983,16.88747505,73.46145890038106,4047001
2025,1,新竹市,55.880239520958085,1.609433962264151,0.3043975903614458,35.466257668711656,32.63030303030303,,,,,10836,3592,1880,17.345508982035927,68.90419161676647,457242
2025,1,新竹縣,52.65269461077844,1.1794952681388011,0.2639577039274924,36.61329305135952,29,,,,,19093,2829,1518,17.07694610778443,71.54191616766467,594641
2025,1,桃園市,57.70059880239521,1.298994974874372,0.3508935742971887,34.73313192346425,35.18301314,,,,,60099,10286,4676,16.57944111776447,73.05389221556887,2338648
2025,1,澎湖縣,57.790419161676645,0.9296969696969696,0.2155151515151515,52,28.96969696969697,,,,,2755,164,90,17.771257485029942,79.43113772,107901
2025,1,臺中市,59.306586826347306,1.5131642512077297,0.3405903614457831,30.82374541003672,30.55555555555556,,,,,82345,21211,12525,17.85293413173653,71.38443113772456,2860601
2025,1,臺北市,54.68691189,1.0122625215889465,0.3611495246326707,33.28149435273675,31.91300603,,,,,66516,12965,6420,16.130938123752497,73.77074422583405,2490869
2025,1,臺南市,78.56167664670659,1.6219362745098038,0.3346144578313253,31.838199513381998,48.00963855421687,,,,,44716,12054,8268,18.08727545,74.92365269461078,1858651
2025,1,臺東縣,42.02395209580838,1.2769470404984422,0.2506626506024096,36.22289156626506,21.21987951807229,,,,,4881,1108,650,18.110778443113773,74.99700598802396,210219
2025,1,花蓮縣,47.21556886227545,0.5316265060240963,0.3214759036144578,35.17771084,26.52108434,,,,,6776,1411,731,18.449700598802394,74.23353293413173,315374
2025,1,苗栗縣,55.19361277,1.5613963039014374,0.2823279352226721,34.12317328,29.570564516129032,,,,,16879,1978,1100,16.256487025948104,73.27744510978044,532854
2025,1,連江縣,72.08982035928143,1.4,0.2662650602409638,51.16265060240964,50.12048192771084,,,,,136,12,10,12.562048192771083,59.1497006,13950
2025,1,金門縣,89.19760479041916,1.9349397590361448,0.3187349397590361,47.036144578313255,55.92771084,,,,,2253,109,99,14.719760479041916,53.20958083832336,143601
2025,1,雲林縣,70.45359281437126,1.6024316109422494,0.2941641337386018,37.61562021,42.60909090909091,,,,,20058,2160,1454,17.657435129740517,79.58383233532935,658427
2025,1,高雄市,89.10824504836481,1.718389199255121,0.4377839592025961,25.865330848089467,51.60353652861796,,,,,81606,11859,5074,19.54112683723462,72.82784431137725,2731412
