year,week,county,aqi,so2,co,o3,pm10,pm25,no2,no,nox,auri_visits,ili_visits,opna_visits,temp_c,rh_pct,pop_cnt
2023,1,南投縣,50.86626747,1.278744939,0.350643863,18.62991968,28.47484909,,,,,9318,892,649,18.76147705,78.6746507,472299
2023,1,嘉義市,61.11976048,3.03373494,0.361566265,23.20903614,41.55555556,,,,,5211,595,305,18.74191617,84.45508982,262177
2023,1,嘉義縣,56.58982036,1.365861027,0.263141994,33.45393939,36.01506024,,,,,8496,841,519,18.49071856,87.69760479,478786
2023,1,基隆市,39.92814371,1.118292683,0.324457831,36.49879518,20.91515152,,,,,6067,522,395,17.46886228,91.76646707,361441
2023,1,宜蘭縣,33.11976048,0.489473684,0.245850202,32.32028398,14.31048387,,,,,8258,1130,788,17.68323353,92.44311377,449212
2023,1,屏東縣,85.04670659,1.509431681,0.346658625,28.86009674,45.7358263,,,,,14520,1529,758,21.03702595,81.31137725,789239
2023,1,彰化縣,48.34011976,1.552195122,0.297336562,33.48933824,32.6968599,,,,,21639,1857,1408,18.67170659,84.48353293,1225675
2023,1,新北市,39.7540304,0.758890469,0.35379634,32.86371388,21.49093445,,,,,79894,4885,3492,18.1301624,84.98307022,4047001
2023,1,新竹市,35.49101796,0.636585366,0.278855422,34.77048193,19.12048193,,,,,7340,1003,836,18.46467066,81.55688623,457242
2023,1,新竹縣,37.17964072,0.795151515,0.239066265,34.60120482,17.25301205,,,,,10434,695,553,17.96227545,83.26646707,594641
2023,1,桃園市,40.42315369,1.320061412,0.320745968,34.31346734,22.15863454,,,,,36334,3271,2236,17.68135729,84.96187625,2338648
2023,1,澎湖縣,51.19760479,0.574698795,0.210240964,46.6939759,32.45180723,,,,,1706,63,57,17.71976048,77.74850299,107901
2023,1,臺中市,39.95568862,1.138602941,0.299128329,26.3390303,23.39324487,,,,,54247,8040,5878,18.58673653,81.69760479,2860601
2023,1,臺北市,41.21556886,0.975843694,0.376493955,31.1382684,18.73984443,,,,,41780,3976,3271,17.29864271,84.97533504,2490869
2023,1,臺南市,60.53892216,1.095786228,0.301303901,27.59702259,39.60997963,,,,,27600,3748,2878,19.12105788,83.44560878,1858651
2023,1,臺東縣,29.0748503,0.577557756,0.202560241,30.88554217,7.831325301,,,,,3037,419,304,19.55808383,82.95209581,210219
2023,1,花蓮縣,27.5988024,0.969090909,0.282349398,28.32228916,13.19879518,,,,,4752,670,483,19.48323353,86.92814371,315374
2023,1,苗栗縣,38.30938124,1.527198364,0.267408163,30.6382716,18.67806841,,,,,11801,817,524,17.62035928,86.73253493,532854
2023,1,連江縣,64.39520958,1.31863354,0.256918239,42.691875,30.77575758,,,,,93,8,8,13.16886228,69.03592814,13950
2023,1,金門縣,54.8742515,1.561445783,0.287048193,37.0753012,33.13855422,,,,,1736,20,17,16.36407186,70.50609756,143601
2023,1,雲林縣,54.47305389,1.400763359,0.250594512,35.56783537,36.68429003,,,,,13442,1185,835,18.64770459,88.30489022,658427
2023,1,高雄市,84.88392446,1.633068288,0.435643657,20.67781937,50.68965517,,,,,49138,3436,1962,20.44375794,82.26850844,2731412
2023,2,南投縣,97.40918164,1.445638945,0.393246493,24.87464503,56.12048193,,,,,9276,899,668,20.72994012,76.49800399,472299
2023,2,嘉義市,121.0359281,2.307185629,0.43005988,25.00958084,75.93373494,,,,,5624,675,333,21.00718563,82.49101796,262177
2023,2,嘉義縣,105.1137725,1.523053892,0.334221557,29.78220859,67.05120482,,,,,8935,921,513,20.41047904,87.7245509,478786
2023,2,基隆市,50.46107784,1.624683544,0.40484472,28.953125,29.16969697,,,,,6355,593,436,20.35389222,86.2994012,361441
2023,2,宜蘭縣,42.05588822,0.693548387,0.257108434,28.64008016,30.24193548,,,,,8566,1241,891,21.23772455,79.3502994,449212
2023,2,屏東縣,73.6011976,1.113325183,0.278068044,35.02004831,44.46772229,,,,,14697,1770,869,23.07934132,75.85928144,789239
2023,2,彰化縣,88.76646707,1.76542617,0.361092437,29.64784173,61.74668275,,,,,22959,2161,1657,20.04775449,88.77245509,1225675
2023,2,新北市,55.41962229,1.205158542,0.489568646,24.3343633,30.47143521,,,,,82725,5326,3812,21.15672292,80.21246598,4047001
2023,2,新竹市,64.15568862,1.080239521,0.442335329,24.07964072,40.52409639,,,,,7558,1217,1035,20.17844311,86.80239521,457242
2023,2,新竹縣,67.04491018,1.116816817,0.344281437,24.56287425,36.07228916,,,,,10627,800,630,20.19251497,87.31137725,594641
2023,2,桃園市,70.13073852,1.607250755,0.498928929,22.5525,38.26485398,,,,,36549,3524,2234,20.38077844,84.03532934,2338648
2023,2,澎湖縣,54.89221557,0.574850299,0.222035928,43.95808383,31.67272727,,,,,1837,43,39,20.11077844,82.31137725,107901
2023,2,臺中市,80.76287425,1.261989796,0.422827918,23.15301932,49.49442379,,,,,55385,8394,6223,20.68982036,83.53892216,2860601
2023,2,臺北市,54.72540633,1.312673611,0.514053356,25.19224138,29.13421053,,,,,43597,4640,3869,20.7306986,78.89064728,2490869
2023,2,臺南市,106.2195609,1.181928934,0.395262626,26.56659898,66.63490471,,,,,29302,3796,2933,21.39640719,80.97155689,1858651
2023,2,臺東縣,30.56586826,0.559146341,0.210182371,25.44067278,15.80664653,,,,,3256,449,336,21.01826347,82.85329341,210219
2023,2,花蓮縣,32.8502994,0.826946108,0.245449102,25.55329341,20.13664596,,,,,4703,646,481,21.35628743,86,315374
2023,2,苗栗縣,64.43512974,1.6484,0.33622,24.8882,38.15291751,,,,,11858,892,604,19.53512974,90.24550898,532854
2023,2,連江縣,72.71856287,1.03961039,0.32748503,36.28922156,33.95757576,,,,,139,4,4,15.18562874,83.53293413,13950
2023,2,金門縣,68.56886228,1.180838323,0.33994012,23.18598726,37.30722892,,,,,2018,17,17,17.35389222,91.13772455,143601
2023,2,雲林縣,97.21856287,1.513787879,0.314534535,32.49145427,64.47669173,,,,,13642,1260,904,20.35284431,88.64171657,658427
2023,2,高雄市,104.0133579,1.754043946,0.468926081,24.03457596,66.05874191,,,,,49997,3917,2288,22.97923244,75.58659953,2731412
2023,3,南投縣,53.09780439,1.287829615,0.385222672,24.34105691,31.07676768,,,,,10517,866,681,17.53253493,69.91317365,472299
2023,3,嘉義市,60.5508982,2.505421687,0.394484848,26.29333333,44.78181818,,,,,6422,701,369,17.17904192,76.44311377,262177
2023,3,嘉義縣,62.06586826,1.708231707,0.333231707,33.29390244,47.56626506,,,,,10233,891,474,16.6008982,81.25449102,478786
2023,3,基隆市,45.94610778,1.118181818,0.358658537,34.5304878,25.80722892,,,,,7212,759,547,14.81385542,93.28313253,361441
2023,3,宜蘭縣,33.94610778,0.445528455,0.298272358,33.06782077,16.8608871,,,,,10090,1191,899,16.25808383,84.25748503,449212
2023,3,屏東縣,73.57365269,1.628501229,0.36856962,33.892089,44.10387985,,,,,16705,1939,995,20.47720884,71.89457831,789239
2023,3,彰化縣,53.31257485,1.551644336,0.34868932,32.75618932,39.74306393,,,,,26824,2283,1794,16.38283433,81.88572854,1225675
2023,3,新北市,44.48825426,0.813198685,0.396318011,32.23931262,25.12766945,,,,,94710,5251,3818,15.47712892,85.1815002,4047001
2023,3,新竹市,47.16167665,0.811585366,0.349151515,33.19878049,29.12883436,,,,,8652,1230,1018,15.21987952,85.74096386,457242
2023,3,新竹縣,41.78742515,0.962006079,0.300851064,33.96920732,22.20180723,,,,,11714,732,579,14.92650602,87.39820359,594641
2023,3,桃園市,47.43512974,1.207456588,0.372454361,32.29827586,28.3832998,,,,,42494,3702,2384,14.60698603,87.69001996,2338648
2023,3,澎湖縣,55.86227545,0.667682927,0.26347561,43.92969697,39.06060606,,,,,2135,50,48,15.97951807,76.62048193,107901
2023,3,臺中市,43.9245509,1.112158809,0.340170524,27.70829268,26.81081081,,,,,64631,9317,7044,16.38173653,78.27904192,2860601
2023,3,臺北市,42.27459367,1.022153025,0.384003543,31.58681416,20.08274648,,,,,48394,4511,3785,14.70899202,84.78728258,2490869
2023,3,臺南市,67.2245509,1.191102123,0.372552977,28.95941296,48.12977867,,,,,33749,4130,3197,17.63597804,74.18662675,1858651
2023,3,臺東縣,30.03592814,0.732268371,0.274386503,31.12752294,9.009463722,,,,,3864,389,301,18.82814371,76.21856287,210219
2023,3,花蓮縣,27.56886228,0.738787879,0.354484848,27.76727273,13.11445783,,,,,5290,647,470,18.36144578,82.14457831,315374
2023,3,苗栗縣,43.65469062,1.577505112,0.317116564,32.11536885,23.50301811,,,,,13943,964,604,14.60429142,88.59081836,532854
2023,3,連江縣,73.85628743,0.81402439,0.282606061,40.54242424,45.32317073,,,,,138,3,2,10.27636364,61.09638554,13950
2023,3,金門縣,63.38922156,1.498765432,0.361533742,33.03292683,40.70909091,,,,,2535,32,30,12.73414634,74.8969697,143601
2023,3,雲林縣,61.76946108,1.491047041,0.32100304,34.35471125,43.66263238,,,,,15948,1340,933,16.61806387,82.89870259,658427
2023,3,高雄市,78.47259327,1.750093985,0.45678538,26.22253521,53.61871508,,,,,57609,4222,2298,19.54036382,71.04567229,2731412
2023,4,南投縣,57.19760479,1.280080483,0.316573146,29.19001996,34.23694779,,,,,5477,447,372,15.69640719,63.15269461,472299
2023,4,嘉義市,62.77844311,1.773652695,0.325928144,32.36287425,46.93292683,,,,,3003,350,169,15.75748503,65.46107784,262177
2023,4,嘉義縣,71.79041916,1.47245509,0.275658683,35.27724551,60.84939759,,,,,5833,679,486,15.08203593,70.11676647,478786
2023,4,基隆市,47.97005988,1.179393939,0.300419162,33.3502994,31.27108434,,,,,3245,234,188,13.78263473,75.39520958,361441
2023,4,宜蘭縣,45.47704591,0.669537815,0.245578093,33.87560484,27.37651822,,,,,5272,482,358,14.66137725,68.77844311,449212
2023,4,屏東縣,60.60718563,1.3946924,0.30601476,35.37013301,37.68848485,,,,,9263,876,431,18.48912176,66.06886228,789239
2023,4,彰化縣,59.86706587,1.451260504,0.29206235,33.69892086,48.42699387,,,,,14359,1193,904,14.95748503,69.44011976,1225675
2023,4,新北市,51.61999079,0.904621072,0.321645161,31.25387097,32.52431681,,,,,38841,2604,1874,13.91355017,72.37490474,4047001
2023,4,新竹市,49.76646707,0.986419753,0.281497006,32.24431138,32.86746988,,,,,4049,450,380,13.68742515,71.37125749,457242
2023,4,新竹縣,49.85928144,0.86257485,0.249608434,32.98443114,30.22590361,,,,,5400,277,212,13.26976048,75.75449102,594641
2023,4,桃園市,52.28842315,1.053185035,0.279017051,32.298998,31.35282258,,,,,18313,2174,1531,12.99693613,75.72764471,2338648
2023,4,澎湖縣,49.37125749,0.819760479,0.214850299,42.33712575,31.45783133,,,,,1629,29,22,14.68203593,71.23353293,107901
2023,4,臺中市,50.18682635,1.126150121,0.282131737,30.74586826,32.54096386,,,,,27712,4278,3281,14.91125749,65.76646707,2860601
2023,4,臺北市,49.58083832,1.148744589,0.328112554,30.67504318,27.76434783,,,,,15829,1541,1258,13.0761477,73.45106929,2490869
2023,4,臺南市,71.38323353,1.088977956,0.303727455,33.30240481,56.96589769,,,,,16032,2245,1745,16.19371257,63.48353293,1858651
2023,4,臺東縣,37.7754491,0.871165644,0.238143713,30.62814371,17.08333333,,,,,2772,152,145,16.42994012,73.7754491,210219
2023,4,花蓮縣,39.2754491,0.870658683,0.273053892,30.73113772,23.45783133,,,,,3566,426,216,16.50838323,73.95209581,315374
2023,4,苗栗縣,49.62674651,1.34,0.25718,32.78942116,29.22845691,,,,,6637,474,290,13.08483034,75.86826347,532854
2023,4,連江縣,64.98802395,1.008484848,0.273554217,38.8502994,32.1030303,,,,,67,4,4,10.12874251,63.14545455,13950
2023,4,金門縣,83.91017964,1.350898204,0.329090909,34.1994012,49.69277108,,,,,826,8,7,12.21736527,74.40718563,143601
2023,4,雲林縣,66.08083832,1.434394904,0.267560241,35.2251497,53.45495495,,,,,9804,773,553,15.04191617,72.38473054,658427
2023,4,高雄市,70.89912483,1.571752196,0.356060046,33.58510148,50.83379759,,,,,29457,2113,1131,17.90973508,61.71874433,2731412
2023,5,南投縣,66.16167665,1.461044177,0.365220884,29.42676056,41.52008032,,,,,9851,817,608,17.24391218,64.16465863,472299
2023,5,嘉義市,85.8742515,2.892771084,0.415361446,30.52666667,62.72289157,,,,,5473,740,371,17.50299401,68.86746988,262177
2023,5,嘉義縣,82.16467066,1.867975831,0.324727273,37.4945122,59.10240964,,,,,9794,899,482,16.74161677,75.7754491,478786
2023,5,基隆市,49.77844311,1.404545455,0.374099379,33.70124224,31.82716049,,,,,7271,562,411,15.8945122,78.94512195,361441
2023,5,宜蘭縣,42.46307385,0.548837209,0.207154472,37.7062753,26.13617886,,,,,9501,1246,915,16.50958084,77.05421687,449212
2023,5,屏東縣,75.8,1.569082126,0.323285024,40.76977025,48.36154776,,,,,17200,2067,966,19.95848303,66.39720559,789239
2023,5,彰化縣,74.19520958,1.883636364,0.392746051,34.12860606,53.59854897,,,,,24410,2226,1640,16.5496507,74.27894212,1225675
2023,5,新北市,52.57669277,1.036325386,0.436530042,32.21133924,32.77401392,,,,,83372,5113,3512,16.40354745,71.614589,4047001
2023,5,新竹市,52.69461078,0.919393939,0.359939394,32.77939394,35.19277108,,,,,7582,1153,951,16.31616766,70.67664671,457242
2023,5,新竹縣,47.78143713,1.231117825,0.279486405,35.4776435,30.32024169,,,,,10728,748,590,16.03712575,73.3742515,594641
2023,5,桃園市,56.50299401,1.513298969,0.400518293,33.38698285,36.32056452,,,,,40653,3877,2520,15.87864271,73.36526946,2338648
2023,5,澎湖縣,59.50299401,0.807228916,0.221036585,51.54484848,38.6969697,,,,,2626,53,42,16.96467066,72.04191617,107901
2023,5,臺中市,64.02754491,1.531013431,0.399550971,27.98056581,42.57557437,,,,,57312,8576,6188,16.9441018,68.29730539,2860601
2023,5,臺北市,52.30111206,1.335608049,0.441837088,31.58078603,30.11375661,,,,,40481,4500,3762,15.70636727,72.68733961,2490869
2023,5,臺南市,83.82235529,1.581155015,0.376343434,32.07426545,59.93044355,,,,,30609,3724,2822,17.71556886,66.99401198,1858651
2023,5,臺東縣,35.36526946,0.73257329,0.208006042,34.68433735,15.95481928,,,,,4953,580,358,18.11497006,72.63473054,210219
2023,5,花蓮縣,34.05389222,0.812650602,0.264277108,30.41445783,20.26506024,,,,,6026,774,505,18.08502994,75.8742515,315374
2023,5,苗栗縣,53.2255489,1.690963855,0.298493976,33.74236948,32.42655936,,,,,12909,901,573,15.45808383,75.79441118,532854
2023,5,連江縣,72.34131737,1.470731707,0.289695122,43.60240964,39.78915663,,,,,114,8,8,10.90598802,66.92215569,13950
2023,5,金門縣,81.81437126,1.957228916,0.316506024,43.53939394,48.38181818,,,,,1992,30,29,13.66047904,69.71779141,143601
2023,5,雲林縣,79.18562874,1.654172989,0.312442748,38.36048632,56.5279879,,,,,15964,1193,706,16.76691617,76.40369261,658427
2023,5,高雄市,89.02210963,2.062235791,0.482034531,30.58327853,63.81873253,,,,,52549,4205,2094,19.40454092,63.70164217,2731412
2023,6,南投縣,65.92215569,1.353507014,0.39741483,21.25891784,39.08282828,,,,,8014,716,582,20.70738523,77.79441118,472299
2023,6,嘉義市,103.8862275,2.834730539,0.470778443,23.15449102,60.6402439,,,,,4690,703,412,20.20718563,84.22754491,262177
2023,6,嘉義縣,94.80538922,1.288821752,0.363543544,30.4,52.88217523,,,,,7756,815,472,18.93862275,90.99700599,478786
2023,6,基隆市,37.35928144,1.572891566,0.385421687,27.05481928,17.05454545,,,,,5723,506,360,18.15662651,96.45180723,361441
2023,6,宜蘭縣,29.68063872,0.685341365,0.270823293,28.47369478,16.66465863,,,,,8031,1150,918,20.06227545,87.42215569,449212
2023,6,屏東縣,68.17365269,1.26350365,0.282415049,31.37149817,39.64769976,,,,,14304,1911,879,24.00968064,76.4510978,789239
2023,6,彰化縣,67.21796407,1.684363636,0.411571947,27.56328029,42.45554202,,,,,21267,2168,1540,18.17040918,91.51846307,1225675
2023,6,新北市,46.48502994,0.823173569,0.512230983,24.16066108,20.944548,,,,,67937,4883,3377,18.38572854,92.53767011,4047001
2023,6,新竹市,52.10179641,0.757575758,0.422634731,25.17365269,31.3253012,,,,,6532,1095,878,17.01437126,96.89820359,457242
2023,6,新竹縣,49.32634731,0.8321875,0.368115502,19.40271084,24.98784195,,,,,8756,734,509,17.22155689,97.3502994,594641
2023,6,桃園市,48.83033932,1.080040527,0.459034205,25.22108495,23.24748491,,,,,33826,3516,2158,16.74373253,97.14091816,2338648
2023,6,澎湖縣,42.08982036,0.419620253,0.25373494,44.26144578,20.87878788,,,,,1867,61,56,18.26167665,88.7245509,107901
2023,6,臺中市,59.37245509,1.279372738,0.430108434,21.30645554,34.32,,,,,48212,7657,5564,19.40568862,85.76407186,2860601
2023,6,臺北市,47.62959795,1.027368421,0.529706897,23.03091703,19.55469423,,,,,32967,4143,3373,18.25560878,91.85799829,2490869
2023,6,臺南市,100.0963303,1.298735632,0.436237054,25.79665127,56.36908881,,,,,26086,3402,2458,20.68982036,80.86377246,1858651
2023,6,臺東縣,24.06287425,0.523780488,0.216366366,25.06036036,8.374622356,,,,,3571,512,337,21.90688623,88.70658683,210219
2023,6,花蓮縣,24.08982036,0.846107784,0.298263473,24.27185629,10.78313253,,,,,4450,686,500,21.3,93.5508982,315374
2023,6,苗栗縣,49.20359281,1.5018,0.35228,24.585,24.83333333,,,,,10969,805,488,16.81217565,96.84031936,532854
2023,6,連江縣,26.43975904,2.456338028,0.327142857,38.475,16.18987342,,,,,110,7,7,12.48313253,85.3373494,13950
2023,6,金門縣,47.8742515,1.370658683,0.369041916,30.95568862,20.61818182,,,,,1378,24,21,15.12228916,98.12650602,143601
2023,6,雲林縣,75.88023952,1.374811463,0.352736842,30.85780781,46.98190045,,,,,13067,1124,691,18.53053892,92.73802395,658427
2023,6,高雄市,98.82220175,1.959694586,0.484036061,25.12022212,61.97488372,,,,,43738,4019,1900,23.36471149,76.29686082,2731412
2023,7,南投縣,59.09181637,1.439235412,0.321204819,28.12985685,38.58032129,,,,,7672,758,607,19.19500998,66.05823293,472299
2023,7,嘉義市,81.4491018,2.338787879,0.375,29.61212121,52.12804878,,,,,4483,710,423,19.01137725,72.37349398,262177
2023,7,嘉義縣,82.96107784,1.530182927,0.290757576,34.76153846,56.57575758,,,,,7435,795,446,18.37365269,77.8502994,478786
2023,7,基隆市,44.66467066,1.536875,0.372743902,29.28231707,27.15757576,,,,,5475,542,364,16.73053892,71.45508982,361441
2023,7,宜蘭縣,37.67664671,0.706693712,0.23643002,33.91585366,27.79637097,,,,,7894,1105,855,18.69101796,70.52994012,449212
2023,7,屏東縣,61.59041916,1.313043478,0.267995169,34.1468599,37.91898428,,,,,13187,1787,879,21.89600798,68.33932136,789239
2023,7,彰化縣,70.37724551,1.832521315,0.3336618,32.19595092,48.59129383,,,,,20464,2071,1521,17.77100798,76.73952096,1225675
2023,7,新北市,49.94887149,0.882998599,0.455139405,27.76746255,29.74013921,,,,,66838,5148,3225,17.13472147,75.11246598,4047001
2023,7,新竹市,59.24550898,0.884939759,0.431325301,26.40662651,38.13253012,,,,,6257,1139,908,16.31317365,78.49101796,457242
2023,7,新竹縣,47.82335329,0.950175439,0.295387097,28.95113269,29.9516129,,,,,8914,731,550,16.43922156,79.26347305,594641
2023,7,桃園市,53.91716567,1.33798768,0.428618219,27.89793388,32.51381781,,,,,34340,3478,2118,15.93133733,81.25828343,2338648
2023,7,澎湖縣,47.41317365,0.759146341,0.223658537,46.17818182,28.95180723,,,,,1687,77,59,17.84790419,77.81437126,107901
2023,7,臺中市,58.24550898,1.364524104,0.349075426,28.86814815,38.15738499,,,,,47376,7871,5673,18.17473054,70.50898204,2860601
2023,7,臺北市,47.94011976,1.223010381,0.467594828,27.48549088,26.60465116,,,,,33627,4432,3547,16.85610778,74.1970345,2490869
2023,7,臺南市,73.8491018,1.409570552,0.323202934,28.91851852,52.38573156,,,,,25592,3479,2448,19.48797405,71.57285429,1858651
2023,7,臺東縣,29.34131737,0.786728395,0.19730303,31.93975535,14.60240964,,,,,3597,597,359,20.02365269,72.07784431,210219
2023,7,花蓮縣,30.37125749,0.832317073,0.240182927,32.13658537,18.62650602,,,,,4445,760,518,19.97724551,73.95808383,315374
2023,7,苗栗縣,54.60878244,1.542253521,0.301653226,29.78973843,31.72891566,,,,,10616,855,550,16.14021956,80.60179641,532854
2023,7,連江縣,-1,,,,,,,,,118,5,5,,,13950
2023,7,金門縣,71.96407186,1.77030303,0.378242424,36.95670732,41.65060241,,,,,1414,29,27,14.68203593,82.82634731,143601
2023,7,雲林縣,76.0748503,1.562990937,0.292975831,34.90667678,52.26132931,,,,,13113,1115,742,18.00913174,79.5753493,658427
2023,7,高雄市,69.47213266,1.825433255,0.372827811,26.6117096,51.04458001,,,,,42122,4154,2014,21.1988405,68.48839594,2731412
2023,8,南投縣,53.92814371,1.282828283,0.316272545,33.1174,34.312,,,,,8643,761,645,18.09201597,66.45908184,472299
2023,8,嘉義市,78.38922156,2.233536585,0.343536585,34.62787879,54,,,,,5054,624,326,17.58588957,72.86060606,262177
2023,8,嘉義縣,79.03293413,1.325531915,0.278719512,41.00810811,60.67371601,,,,,8043,800,499,17.73862275,79.83832335,478786
2023,8,基隆市,53.9760479,1.191566265,0.272874251,42.22874251,33.97005988,,,,,5475,570,397,15.91257485,85.04790419,361441
2023,8,宜蘭縣,42.23952096,0.497341513,0.22826,38.617,23.99593496,,,,,8857,1168,925,16.7005988,82.85329341,449212
2023,8,屏東縣,83.19760479,1.494424242,0.315458937,40.49541063,54.34140436,,,,,15226,1906,992,20.84081836,67.20858283,789239
2023,8,彰化縣,66.05748503,1.414684466,0.30986715,39.50800971,47.53196622,,,,,22282,2155,1629,16.61646707,75.71407186,1225675
2023,8,新北市,54.577614,0.760750695,0.351113678,36.41055556,32.90465116,,,,,72487,5368,3513,16.02334694,80.87523136,4047001
2023,8,新竹市,54.98802395,0.824096386,0.284371257,38.97844311,35.7375,,,,,6850,1260,959,15.63353293,80.83832335,457242
2023,8,新竹縣,38.73353293,0.766898955,0.218402778,40.63356401,24.97231834,,,,,10101,797,600,15.66467066,82.1497006,594641
2023,8,桃園市,55.46506986,1.07673716,0.317703109,36.94272818,33.72617854,,,,,36043,3563,2102,15.0511976,85.47704591,2338648
2023,8,澎湖縣,62.9760479,0.696385542,0.218443114,49.29041916,36.8253012,,,,,1805,70,51,15.8245509,75.88622754,107901
2023,8,臺中市,50.74610778,1.154741897,0.287640719,37.23233533,30.84356197,,,,,50699,7965,5829,16.71742515,74.00988024,2860601
2023,8,臺北市,51.94610778,0.979843614,0.358309013,35.6419105,26.59431525,,,,,37250,4439,3481,15.37229541,81.92286855,2490869
2023,8,臺南市,78.76526946,1.075492611,0.303305187,35.56307506,58.71980676,,,,,29417,3737,2672,17.85234531,70.55189621,1858651
2023,8,臺東縣,36.70359281,0.724382716,0.208848485,40.5179878,15.56666667,,,,,3631,508,297,19.75331325,68.74550898,210219
2023,8,花蓮縣,35.89820359,0.925903614,0.254156627,38.72228916,18.75757576,,,,,4752,772,547,19.62754491,72.31736527,315374
2023,8,苗栗縣,50.00798403,1.3482,0.249680639,39.00738523,27.47294589,,,,,11629,968,631,15.14401198,83.51896208,532854
2023,8,連江縣,-1,,,,,,,,,136,11,11,,,13950
2023,8,金門縣,95.08383234,2.011801242,0.362875,45.98481013,67.32121212,,,,,1592,48,39,14.31976048,61.98203593,143601
2023,8,雲林縣,72.51347305,1.308120301,0.270451807,41.4001506,53.42878788,,,,,13910,1163,765,16.73073852,79.15668663,658427
2023,8,高雄市,86.22892676,1.693006021,0.405692521,33.49343808,63.9036591,,,,,47551,4639,2371,19.8008483,69.02749047,2731412
2023,9,南投縣,72.38323353,1.524096386,0.331365462,36.90402414,46.95362903,,,,,8705,762,626,17.54670659,62.70758483,472299
2023,9,嘉義市,83.71257485,2.309638554,0.331325301,37.73090909,62.67664671,,,,,5379,599,313,17.63674699,68,262177
2023,9,嘉義縣,78.58682635,1.514545455,0.247039275,44.94199396,61.56797583,,,,,8360,827,469,17.20329341,73.52694611,478786
2023,9,基隆市,49.95808383,1.154545455,0.28186747,40.69096386,31.07228916,,,,,5605,527,376,17.01437126,64.39520958,361441
2023,9,宜蘭縣,42.62674651,0.588821138,0.204959677,40.24352227,29.15060241,,,,,9118,1134,895,17.05,65.00299401,449212
2023,9,屏東縣,74.31497006,1.535679612,0.281949153,44.59891041,45.16606061,,,,,14983,1806,877,20.09381238,63.47205589,789239
2023,9,彰化縣,69.11257485,1.688135593,0.276060241,41.91409478,52.71256039,,,,,22301,2275,1698,17.02994012,69.00598802,1225675
2023,9,新北市,52.29249194,0.921147463,0.315178739,38.31267672,34.64053803,,,,,71840,5184,3237,17.08202413,64.52014154,4047001
2023,9,新竹市,51.0239521,0.922981366,0.267891566,39.64337349,35.85714286,,,,,6709,1134,875,16.73652695,63.36526946,457242
2023,9,新竹縣,52.15568862,1.071036585,0.219079755,42.38731118,32.32121212,,,,,9480,745,526,16.36467066,69.18263473,594641
2023,9,桃園市,51.38622754,1.349391481,0.301417004,40.0730303,33.67201605,,,,,34037,3379,1955,16.26664671,69.88443114,2338648
2023,9,澎湖縣,59.34131737,0.747590361,0.180797546,53.99818182,28.95180723,,,,,1997,52,34,16.33053892,71.75449102,107901
2023,9,臺中市,63.84071856,1.388754534,0.287521161,40.14460606,42.99879518,,,,,48989,7782,5827,17.0605988,65.07664671,2860601
2023,9,臺北市,51.9760479,1.168430182,0.330880069,38.08055315,31.95274914,,,,,34280,4060,3172,16.30329341,66.04704876,2490869
2023,9,臺南市,78.09101796,1.426360339,0.278395657,38.6758162,59.78795181,,,,,27758,3439,2546,17.41686627,66.33483034,1858651
2023,9,臺東縣,41.7005988,0.832110092,0.19686747,41.78493976,19.14199396,,,,,3323,368,217,18.26257485,65.23053892,210219
2023,9,花蓮縣,43.74251497,0.738554217,0.23313253,40.91445783,26.74698795,,,,,4615,749,507,18.63772455,63.88622754,315374
2023,9,苗栗縣,54.48702595,1.558181818,0.239052419,40.81529175,33.016,,,,,11636,902,582,15.77065868,71.78642715,532854
2023,9,連江縣,9.988023952,1.728,0.2072,60.332,32.28,,,,,79,5,5,12.37692308,68.18518519,13950
2023,9,金門縣,86.67065868,2.537575758,0.296181818,48.85515152,59.02994012,,,,,1566,28,23,14.72934132,60.35,143601
2023,9,雲林縣,75.66766467,1.614954683,0.250197568,43.66536145,56.66866567,,,,,14240,1279,883,16.97215569,68.66766467,658427
2023,9,高雄市,81.96315062,1.790600279,0.367999069,37.95557621,60.77746871,,,,,47926,4614,2434,19.53324261,64.70127019,2731412
2023,10,南投縣,88.74650699,1.787423935,0.334210526,48.98760163,48.21052632,,,,,9126,820,658,19.42045908,56.14814815,472299
2023,10,嘉義市,83.58083832,2.05508982,0.315988024,49.38502994,49.47530864,,,,,5377,685,390,20.65269461,54.2654321,262177
2023,10,嘉義縣,101.8712575,1.972891566,0.318398792,47.74307229,62.88379205,,,,,8828,951,560,19.54221557,66.31137725,478786
2023,10,基隆市,51.99401198,1.564848485,0.35491018,32.85568862,27.53012048,,,,,5961,564,404,18.2257485,65.74850299,361441
2023,10,宜蘭縣,46.40319361,0.740162272,0.231995968,44.0097166,31.18240343,,,,,9615,1297,1002,19.45718563,57.38922156,449212
2023,10,屏東縣,71.94850299,1.381953028,0.23406135,51.67657213,38.67813268,,,,,15515,2014,1115,21.90499002,56.47804391,789239
2023,10,彰化縣,99.56407186,2.344657863,0.371856287,45.08311377,64.47889023,,,,,22380,2250,1650,19.83368263,65.62724551,1225675
2023,10,新北市,57.54951635,1.208845438,0.385236549,38.04767442,32.13000932,,,,,75487,5517,3568,19.64936037,56.78920082,4047001
2023,10,新竹市,65.34730539,1.479393939,0.374848485,42.73333333,38.43373494,,,,,6762,1273,989,20.00538922,50.78787879,457242
2023,10,新竹縣,67.0988024,1.718787879,0.293363636,45.97515337,38.67069486,,,,,10166,865,586,19.5988024,56.74850299,594641
2023,10,桃園市,68.88522954,2.133869347,0.422637914,39.69504049,41.39134809,,,,,35352,3744,2179,19.43914172,58.40499002,2338648
2023,10,澎湖縣,77.04790419,0.981325301,0.198862275,62.77305389,29.07926829,,,,,1741,72,57,20.61556886,64.19161677,107901
2023,10,臺中市,90.67185629,2.084661836,0.410240096,45.5454982,54.09212121,,,,,51384,7882,5959,20.02320359,56.7239521,2860601
2023,10,臺北市,55.94696322,1.193252595,0.392120172,38.78852459,31.39276486,,,,,39445,4826,3788,19.16187625,56.60729969,2490869
2023,10,臺南市,85.22634731,1.787182588,0.342337349,43.31556092,54.97222222,,,,,28964,3770,2879,20.41157685,57.62652439,1858651
2023,10,臺東縣,40.85329341,0.797583082,0.167814371,43.72694611,20.33636364,,,,,3768,548,370,20.52844311,58.74850299,210219
2023,10,花蓮縣,42.15568862,0.909580838,0.211976048,42.0011976,24.34337349,,,,,4772,894,611,20.61616766,59.10778443,315374
2023,10,苗栗縣,75.74251497,1.917943548,0.310321932,47.75201613,41.44444444,,,,,12279,971,646,18.64451098,63.57028112,532854
2023,10,連江縣,86.4251497,2.32804878,0.335928144,60.20419162,42.73333333,,,,,67,5,5,16.08802395,62.59756098,13950
2023,10,金門縣,97.22155689,2.441566265,0.316826347,49.401875,64.63855422,,,,,1661,33,27,18.01197605,62.3625,143601
2023,10,雲林縣,103.239521,1.990497738,0.318270677,48.59758308,62.26586103,,,,,14012,1331,958,19.85369261,65.28842315,658427
2023,10,高雄市,87.22385997,1.891261682,0.386744186,47.82778297,54.84357542,,,,,48484,4843,2595,21.9063963,57.297257,2731412
2023,11,南投縣,72.84031936,1.481891348,0.331465863,38.76532258,44.72323232,,,,,8713,940,747,20.76986028,64.30738523,472299
2023,11,嘉義市,76.56287425,2.185276074,0.324363636,39.58231707,54.84756098,,,,,5241,596,353,21.44491018,67.04191617,262177
2023,11,嘉義縣,78.94610778,1.641691843,0.287363636,40.71666667,55.91238671,,,,,8606,983,669,20.45598802,75.18862275,478786
2023,11,基隆市,46.83233533,1.241717791,0.305705521,30.35092025,31.14545455,,,,,5444,565,388,18.17784431,82.74850299,361441
2023,11,宜蘭縣,36.84807256,0.780095923,0.233636364,35.95059666,25.67857143,,,,,9185,1287,1046,19.68023952,74.96107784,449212
2023,11,屏東縣,64.93293413,1.344171779,0.260182039,43.51283619,36.71654501,,,,,14551,1984,1053,22.91888224,66.25149701,789239
2023,11,彰化縣,74.40958084,1.82184466,0.315987879,36.69534314,54.32281553,,,,,21924,2327,1747,20.66791417,75.1002994,1225675
2023,11,新北市,49.63749424,0.873021077,0.369360112,32.03084507,31.54714352,,,,,72401,5397,3614,19.26323716,76.65851932,4047001
2023,11,新竹市,58.10179641,0.775460123,0.333939394,35.65864198,40.91566265,,,,,6940,1422,1089,19.60909091,75.21686747,457242
2023,11,新竹縣,55.5508982,1.068292683,0.260090634,38.07568389,35.21084337,,,,,9909,939,652,19.16976048,81.0508982,594641
2023,11,桃園市,55.37026515,1.396541787,0.366727273,33.72571702,37.47075743,,,,,34198,3725,2253,18.82233533,80.1760479,2338648
2023,11,澎湖縣,56.84431138,0.574698795,0.191084337,52.96566265,30.54819277,,,,,1894,59,55,20.83952096,71.59281437,107901
2023,11,臺中市,66.0251497,1.327860697,0.334613527,36.33736397,43.40120482,,,,,50429,8088,6098,20.40299401,70.31616766,2860601
2023,11,臺北市,48.69888794,0.998357822,0.378387931,32.12849696,28.81223084,,,,,38253,4840,3814,18.83982036,77.19760479,2490869
2023,11,臺南市,73.01676647,1.475121951,0.307135922,37.65024272,54.64164649,,,,,27953,3785,2949,21.42855717,66.30738523,1858651
2023,11,臺東縣,31.8502994,0.716871166,0.187659574,33.97915408,13.77409639,,,,,3447,512,334,21.14161677,73.83233533,210219
2023,11,花蓮縣,34.75449102,0.646987952,0.241506024,34.16969697,19.69879518,,,,,4563,858,592,20.82215569,78.69461078,315374
2023,11,苗栗縣,60.78043912,1.497368421,0.260241935,37.72616633,36.39235412,,,,,12132,992,658,19.05860279,80.55489022,532854
2023,11,連江縣,63.7005988,1.678205128,0.280363636,44.95212121,38.81818182,,,,,68,7,7,14.55,75.77844311,13950
2023,11,金門縣,84.38922156,1.794545455,0.307272727,40.19939024,58.71084337,,,,,1554,24,24,17.37185629,78.8502994,143601
2023,11,雲林縣,77.89221557,1.618512898,0.282142857,39.93708207,55.35552194,,,,,14316,1388,1051,20.70563872,76.97155689,658427
2023,11,高雄市,74.08659604,1.731758653,0.381336449,39.17898178,53.29772411,,,,,46676,4588,2591,22.94595,66.19892034,2731412
2023,12,南投縣,59.91017964,1.326865672,0.28112766,30.64392324,37.6474359,,,,,7840,864,670,24.15654008,67.86919831,472299
2023,12,嘉義市,60.49700599,2.069677419,0.268343949,31.32272727,45.33116883,,,,,4512,608,375,24.62721519,72.79113924,262177
2023,12,嘉義縣,59.81437126,1.625796178,0.254203822,31.91806452,42.02866242,,,,,7286,749,488,23.6278481,77.45886076,478786
2023,12,基隆市,49.69461078,1.204487179,0.377564103,27.83461538,35.07643312,,,,,5163,546,392,21.52857143,85.80645161,361441
2023,12,宜蘭縣,41.91916168,0.779365079,0.308789809,30.45559105,27.43589744,,,,,7988,1150,920,23.23892405,80.72151899,449212
2023,12,屏東縣,55.47065868,1.197307692,0.23544757,33.24618321,32.33717949,,,,,12827,1937,1060,25.45400844,72.31434599,789239
2023,12,彰化縣,54.92335329,1.543931398,0.26459144,30.89005236,40.39845758,,,,,19787,2161,1643,23.97589662,77.25316456,1225675
2023,12,新北市,54.80009212,0.990357853,0.458235005,27.26645257,35.70069721,,,,,67703,5524,3634,22.348573,81.12676768,4047001
2023,12,新竹市,47,0.55,0.305806452,32.45779221,30.28025478,,,,,6343,1393,1041,22.74746835,83.55063291,457242
2023,12,新竹縣,50.91317365,0.889666667,0.268269231,30.53149351,32.99044586,,,,,9336,954,602,22.38892405,84.00632911,594641
2023,12,桃園市,55.02480753,1.18343949,0.408486782,28.34034608,37.20419325,,,,,31545,3395,2032,22.10329114,85.63270042,2338648
2023,12,澎湖縣,39.91616766,0.408724832,0.204666667,39.46554054,21,,,,,1810,85,78,23.35696203,76.8164557,107901
2023,12,臺中市,52.2239521,1.460840108,0.296841415,30.14177546,35.2398957,,,,,46780,7709,5747,24.03781646,73.67658228,2860601
2023,12,臺北市,57.04619333,1.044292237,0.516054545,27.24895928,35.96353692,,,,,35304,4718,3587,22.21044304,81.91772152,2490869
2023,12,臺南市,55.35568862,1.098973042,0.275121639,29.17670528,40.23303457,,,,,24350,3534,2776,24.65553797,71.7056962,1858651
2023,12,臺東縣,35.47005988,0.553135314,0.224326923,30.48006329,17.84345048,,,,,2973,466,318,24.35189873,80.60759494,210219
2023,12,花蓮縣,38.65868263,0.722222222,0.30379085,31.53092105,22.06369427,,,,,4060,882,587,23.97405063,85.22151899,315374
2023,12,苗栗縣,51.41716567,1.594092827,0.256814346,31.47188161,32.59660297,,,,,10881,962,621,22.76624473,82.34388186,532854
2023,12,連江縣,60.23353293,1.167605634,0.265576923,39.32115385,29.81410256,,,,,94,6,6,15.33184713,87.78980892,13950
2023,12,金門縣,56.22155689,1.570512821,0.281744966,29.27025316,28.6433121,,,,,1348,27,20,19.04113924,95.32278481,143601
2023,12,雲林縣,56.19760479,1.3964687,0.251951613,31.87207063,39.72195122,,,,,12623,1313,1003,23.92405063,81.42774262,658427
2023,12,高雄市,62.33901428,1.587667162,0.338101578,28.80497537,42.83218504,,,,,41474,4197,2469,25.46545359,73.36234177,2731412
2023,13,南投縣,57.04790419,1.056910569,0.386290323,21.36464646,31.06841046,,,,,7759,956,741,20.3738523,84.05588822,472299
2023,13,嘉義市,70.99401198,2.196969697,0.396969697,25.07317073,43.04268293,,,,,4896,701,425,20.63253012,85.39759036,262177
2023,13,嘉義縣,58.45808383,1.546969697,0.336978852,35.22749245,35.34939759,,,,,7454,776,488,20.08562874,84.78143713,478786
2023,13,基隆市,41.15568862,1.06097561,0.315878788,36.37393939,24.31927711,,,,,5415,601,398,18.06987952,91.34337349,361441
2023,13,宜蘭縣,33.61676647,0.709036145,0.286777108,33.79879518,14.58006042,,,,,8314,1243,1013,19.64610778,85.3742515,449212
2023,13,屏東縣,73.3257485,1.384963325,0.329085366,39.18408262,38.67436209,,,,,12753,1898,1044,24.51337325,73.23952096,789239
2023,13,彰化縣,49.38802395,1.437775061,0.323080685,34.76666667,29.43772672,,,,,20378,2206,1711,20.13418164,84.16417166,1225675
2023,13,新北市,44.12805159,0.708081285,0.376275058,35.11475946,23.34449093,,,,,73795,5900,3722,18.34004718,88.45405553,4047001
2023,13,新竹市,42.96407186,0.548765432,0.313855422,39.24036145,20.41566265,,,,,6473,1341,1023,18.39520958,90.28742515,457242
2023,13,新竹縣,40.23353293,0.793538462,0.252379518,38.41480363,19.39156627,,,,,9389,909,644,17.94101796,89.3742515,594641
2023,13,桃園市,44.24379812,0.870121951,0.344835924,37.26404494,22.96626298,,,,,33723,3763,2256,17.75718563,92.04590818,2338648
2023,13,澎湖縣,51.34131737,0.526666667,0.217590361,52.67590361,20.18181818,,,,,1841,62,57,19.90179641,80.8502994,107901
2023,13,臺中市,43.44071856,1.15440806,0.334503067,30.21738066,23.86993865,,,,,47950,8279,6177,19.54155689,86.38413174,2860601
2023,13,臺北市,43.47219846,0.795438596,0.426919721,33.31364829,19.76079447,,,,,38433,5161,3860,17.82106786,90.41360137,2490869
2023,13,臺南市,64.35688623,1.301809409,0.355826297,29.99199029,39.54842615,,,,,26206,3849,2988,21.36037924,78.00399202,1858651
2023,13,臺東縣,34.87724551,0.619195046,0.240813253,37.83454545,7.765957447,,,,,3110,532,356,22.05898204,84.15868263,210219
2023,13,花蓮縣,34.41317365,0.825454545,0.33,34.78545455,16.90963855,,,,,4424,865,597,21.03674699,91.43373494,315374
2023,13,苗栗縣,42.51097804,1.390909091,0.279232323,34.92052314,20.23493976,,,,,11616,992,616,17.82335329,93.76846307,532854
2023,13,連江縣,65.35928144,1.573006135,0.246506024,51.08012048,35.48484848,,,,,82,3,3,13.72694611,74.61676647,13950
2023,13,金門縣,64.10778443,1.722424242,0.334181818,39.71575758,34.26506024,,,,,1549,28,22,15.52181818,85.83636364,143601
2023,13,雲林縣,54.71407186,1.419515885,0.31580303,35.93308042,32.78247734,,,,,12856,1218,938,20.11736527,89.97005988,658427
2023,13,高雄市,81.00690926,1.689325843,0.454347623,28.61138591,49.52229,,,,,43186,4351,2616,24.05194611,72.54690619,2731412
2023,14,南投縣,64.90618762,1.209819639,0.379218437,29.87835671,39.27104723,,,,,8014,935,679,22.99770459,74.48303393,472299
2023,14,嘉義市,76.83233533,2.409638554,0.364939759,35.01445783,53.7195122,,,,,4783,575,323,23.72969697,76.54216867,262177
2023,14,嘉義縣,76.56886228,1.570359281,0.328293413,37.74126506,52.83433735,,,,,7602,781,502,23.16796407,77.47305389,478786
2023,14,基隆市,50.39520958,1.006097561,0.318121212,37.02378049,32.59756098,,,,,4744,496,336,21.19518072,77.03614458,361441
2023,14,宜蘭縣,43.29640719,0.796060606,0.29347432,32.76918429,30.58662614,,,,,8128,956,747,21.38023952,75.76347305,449212
2023,14,屏東縣,54.01796407,0.845686513,0.253244873,40.79819059,30.49093108,,,,,11426,1623,779,25.31856287,72.15169661,789239
2023,14,彰化縣,75.6239521,1.780708181,0.364017094,36.74470158,51.93872549,,,,,19533,2053,1507,22.75319361,78.19560878,1225675
2023,14,新北市,58.59419622,0.838486998,0.411483364,35.66561922,36.13847584,,,,,65284,5754,3365,21.45112139,72.963092,4047001
2023,14,新竹市,63.52694611,0.846385542,0.375120482,39.09580838,33.39759036,,,,,5607,1141,798,21.6257485,76.20958084,457242
2023,14,新竹縣,59.79041916,0.902140673,0.33015015,36.65748503,36.0753012,,,,,8187,781,545,21.31017964,76.4251497,594641
2023,14,桃園市,61.65611634,1.397058824,0.426634948,36.40852713,37.52976704,,,,,28534,3090,1751,21.00221557,78.10998004,2338648
2023,14,澎湖縣,55.89820359,0.669879518,0.255808383,49.13712575,33.79518072,,,,,1779,52,50,22.69041916,75.19760479,107901
2023,14,臺中市,68.03592814,1.505176768,0.388211285,34.20935252,43.25513906,,,,,44692,8150,5784,22.56571856,76.68682635,2860601
2023,14,臺北市,58.0641574,0.923442907,0.420963027,35.71893287,33.69025022,,,,,31231,3870,2625,20.81854291,74.29426861,2490869
2023,14,臺南市,64.46467066,1.281818182,0.319045894,34.98759036,45.46144578,,,,,22826,3348,2461,24.28557884,70.86976048,1858651
2023,14,臺東縣,34.07784431,0.555963303,0.233825301,34.38383234,21.41691843,,,,,3231,426,255,21.90538922,82.76047904,210219
2023,14,花蓮縣,38.76047904,0.703592814,0.288443114,33.36586826,27.43975904,,,,,4498,713,375,21.68373494,85.58083832,315374
2023,14,苗栗縣,64.94011976,1.535928144,0.336407186,36.61437126,38.86947791,,,,,10879,971,604,21.02075848,83.46506986,532854
2023,14,連江縣,73.10778443,1.52611465,0.297454545,51.60359281,35.72121212,,,,,65,5,5,16.50239521,79.82634731,13950
2023,14,金門縣,70.62275449,1.301863354,0.352891566,33.54110429,42.89759036,,,,,1287,30,23,19.24431138,77.71257485,143601
2023,14,雲林縣,76.60329341,1.689906832,0.332711864,37.39443586,54.89473684,,,,,13108,1185,876,22.95988024,81.57834331,658427
2023,14,高雄市,62.90280977,1.467366947,0.348892989,37.49695009,43.51162791,,,,,37301,3711,1963,25.8096761,72.74401198,2731412
2023,15,南投縣,78.04790419,1.341273101,0.313285714,37.61880165,53.16564417,,,,,8126,1122,850,23.70858283,68.35628743,472299
2023,15,嘉義市,82.92215569,2.254658385,0.349068323,38.328125,70.26086957,,,,,4817,685,393,24.44259259,68.98765432,262177
2023,15,嘉義縣,87.19161677,1.765853659,0.307294833,39.00243902,67.88253012,,,,,7906,744,442,23.96736527,73.74850299,478786
2023,15,基隆市,55.61077844,1.304294479,0.339079755,32.7945122,34.78658537,,,,,5071,568,348,22.59939394,79.00606061,361441
2023,15,宜蘭縣,40.47005988,0.840797546,0.257902736,31.07636364,28.47891566,,,,,8419,1413,1067,23.12891566,75.34730539,449212
2023,15,屏東縣,69.42634731,1.212820513,0.261817073,43.86082725,45.98523985,,,,,12932,1948,995,25.25958084,69.38123752,789239
2023,15,彰化縣,81.62275449,1.762469136,0.320431566,37.30732919,64.18014706,,,,,20319,2300,1725,24.07909182,74.19161677,1225675
2023,15,新北市,61.70105942,0.979829948,0.417087242,33.45906955,39.78299257,,,,,71704,6577,3661,23.25311014,72.35859796,4047001
2023,15,新竹市,66.92814371,0.986585366,0.362121212,34.56909091,44.31325301,,,,,6794,1614,1187,22.88969697,77.36746988,457242
2023,15,新竹縣,61.80538922,1.041455696,0.289179331,33.71272727,43.40361446,,,,,9359,985,690,22.53203593,76.56287425,594641
2023,15,桃園市,66.34987169,1.418576389,0.425333912,34.30580589,46.93362069,,,,,32259,3704,2127,22.59001996,76.77045908,2338648
2023,15,澎湖縣,69.56886228,0.68373494,0.206402439,51.52666667,44.04819277,,,,,1814,103,77,23.32634731,74.46706587,107901
2023,15,臺中市,75.43473054,1.952883436,0.364195122,35.75042424,54.12817412,,,,,49564,8780,6089,23.8240519,70.09401198,2860601
2023,15,臺北市,60.5748503,1.011120841,0.468479583,33.49028021,39.59275237,,,,,39098,5784,4013,22.76211577,72.44881665,2490869
2023,15,臺南市,78.85508982,1.183414634,0.318017032,36.49756098,66.68478261,,,,,24974,3936,2798,24.57789421,67.55339321,1858651
2023,15,臺東縣,35.09580838,0.704268293,0.18993921,32.99115854,22.4869281,,,,,3855,505,327,23.71826347,73.64670659,210219
2023,15,花蓮縣,39.9760479,0.701840491,0.242545455,31.17636364,27.67307692,,,,,5087,1066,572,23.24578313,79.80120482,315374
2023,15,苗栗縣,67.51297405,1.65959596,0.29125,35.32510121,47.0945674,,,,,11470,1014,639,22.47115768,80.80239521,532854
2023,15,連江縣,89.95808383,1.391925466,0.266380368,48.83584906,78.76687117,,,,,100,11,7,18.28363636,76,13950
2023,15,金門縣,82.13772455,1.912101911,0.306149068,33.55061728,63.37195122,,,,,1592,39,37,20.99939024,74.07926829,143601
2023,15,雲林縣,84.35928144,1.800304878,0.292042683,39.29984686,67.44748858,,,,,13116,1326,1027,23.9498004,77.08133733,658427
2023,15,高雄市,81.57945647,1.704409006,0.362172897,41.55321445,64.02881041,,,,,40137,4304,2456,25.54700599,71.66680276,2731412
2023,16,南投縣,72.10978044,1.263636364,0.40184,34.72190669,42.2334004,,,,,7495,1134,742,25.06187625,74.5239521,472299
2023,16,嘉義市,78.47904192,2.114375,0.395269461,41.46287425,49.98170732,,,,,4315,764,423,26.74610778,74.35928144,262177
2023,16,嘉義縣,82.13772455,1.863141994,0.377147147,41.25288462,48.48942598,,,,,7033,813,486,26.35988024,77.84131737,478786
2023,16,基隆市,55.7245509,1.14251497,0.344550898,37.81437126,37.68072289,,,,,5112,635,406,23.28862275,83.8742515,361441
2023,16,宜蘭縣,54.47904192,0.793518519,0.346054217,34.78966565,41.59036145,,,,,7927,1407,1028,24.13952096,79.04491018,449212
2023,16,屏東縣,58.13293413,0.929769137,0.293872135,39.93934625,30.82560976,,,,,11661,1837,942,27.08343313,75.56986028,789239
2023,16,彰化縣,79.70658683,1.971267252,0.433816605,36.2789801,49.03855721,,,,,18290,2420,1631,25.69411178,79.21556886,1225675
2023,16,新北市,64.50898204,0.92219559,0.468909348,35.91994275,42.10461828,,,,,69969,7229,3733,23.90053892,76.99368536,4047001
2023,16,新竹市,59.86826347,0.801910828,0.412108434,37.01676647,34.22891566,,,,,6502,1590,1153,24.10538922,79.68263473,457242
2023,16,新竹縣,60.30838323,0.948795181,0.333153153,38.5957958,37.71084337,,,,,9783,1085,738,23.64161677,78.07784431,594641
2023,16,桃園市,65.94952951,1.475837743,0.478704663,35.20705073,43.7622739,,,,,31779,3857,2118,23.61786427,79.88622754,2338648
2023,16,澎湖縣,59.95209581,0.546666667,0.290429448,49.00797546,29.72121212,,,,,1707,95,59,25.57228916,78.9939759,107901
2023,16,臺中市,71.13652695,1.845707376,0.457484958,34.6540146,41.6352657,,,,,45880,8295,5504,25.37137725,76.97245509,2860601
2023,16,臺北市,63.58682635,1.035222319,0.498179465,37.58316062,40.1816609,,,,,37806,5365,3501,23.47205589,76.62532079,2490869
2023,16,臺南市,68.48622754,1.419390244,0.382251816,37.08985507,43.66101695,,,,,22719,3911,2926,26.94730539,72.49051896,1858651
2023,16,臺東縣,47.11377246,0.538666667,0.264890966,35.3410596,29.60759494,,,,,3379,592,370,25.07335329,79.08083832,210219
2023,16,花蓮縣,58.19760479,0.696341463,0.305121951,37.23030303,36.65662651,,,,,5104,1045,540,24.38083832,86.16167665,315374
2023,16,苗栗縣,64.39321357,1.464574899,0.340401606,38.10141988,36.89717742,,,,,10717,1023,627,23.7994012,82.36127745,532854
2023,16,連江縣,73.85628743,0.79689441,0.300481928,52.65389222,35.56441718,,,,,72,11,8,20.34550898,85.44311377,13950
2023,16,金門縣,62.92215569,1.594339623,0.347125,43.42760736,35.68902439,,,,,1419,51,40,22.92289157,83.63855422,143601
2023,16,雲林縣,80.30838323,1.842313546,0.376510574,39.14015267,48.74695122,,,,,12013,1294,974,26.17120758,82.06536926,658427
2023,16,高雄市,60.81114694,1.942703461,0.386697631,37.5424581,37.73417132,,,,,36822,4267,2304,27.70293504,74.74714208,2731412
2023,17,南投縣,72.68463074,1.313496933,0.350080645,35.36768916,45.14343434,,,,,8423,1272,846,24.79441118,71.8742515,472299
2023,17,嘉義市,84.24550898,2.922560976,0.367951807,37.86121212,60.04848485,,,,,4802,697,397,25.30299401,74.77844311,262177
2023,17,嘉義縣,75.93113772,1.910240964,0.301987952,42.81393939,52.16314199,,,,,7918,746,463,23.3751497,79.34431138,478786
2023,17,基隆市,56.98802395,0.464779874,0.321863354,40.08227848,33.49090909,,,,,5798,730,449,21.50783133,87.28313253,361441
2023,17,宜蘭縣,40.63173653,0.682370821,0.252201835,35.08060606,28.03625378,,,,,9615,1498,1045,22.39311377,84.31736527,449212
2023,17,屏東縣,61.73772455,1.084538653,0.264725686,45.23142857,32.3382716,,,,,12937,2122,982,26.23622754,77.05189621,789239
2023,17,彰化縣,69.48023952,2.196980676,0.330762712,38.98710074,48.80484848,,,,,21384,2786,1923,24.67864271,77.5993014,1225675
2023,17,新北市,56.31368033,0.826224105,0.404560337,37.28474894,36.25556586,,,,,79521,8336,4090,22.24098167,81.42509526,4047001
2023,17,新竹市,56.28742515,0.860365854,0.342666667,38.98969697,34.69277108,,,,,7507,1778,1218,22.62944785,82.18404908,457242
2023,17,新竹縣,54.2754491,1.129518072,0.284638554,37.25151515,35.99698795,,,,,9652,1150,771,22.11856287,81.9760479,594641
2023,17,桃園市,57.65526091,1.199650655,0.420190311,33.71403813,40.50862069,,,,,36667,4324,2152,21.88203593,85.17864271,2338648
2023,17,澎湖縣,63.50299401,0.377108434,0.220963855,55.81807229,35.92727273,,,,,2029,87,57,24.25389222,72.67664671,107901
2023,17,臺中市,66.0754491,1.685333333,0.346602177,34.65347138,42.58554217,,,,,51704,9422,6135,24.14631737,76.42724551,2860601
2023,17,臺北市,55.12147134,0.95625,0.419636678,35.87177489,34.44320138,,,,,43059,6429,4095,21.63510978,82.46449957,2490869
2023,17,臺南市,73.68622754,1.532885086,0.322180268,38.54608802,54.04116223,,,,,25570,4136,3041,25.66477046,69.68363273,1858651
2023,17,臺東縣,33.12874251,0.698780488,0.212969697,33.54177215,14.61746988,,,,,3642,634,393,23.64311377,86.08083832,210219
2023,17,花蓮縣,41.80838323,0.761818182,0.255090909,36.99447853,25.05421687,,,,,5349,1069,597,23.25301205,88.64071856,315374
2023,17,苗栗縣,61.29141717,2.233471933,0.287746479,36.61790744,39.18072289,,,,,12350,1176,667,22.22235529,87.2754491,532854
2023,17,連江縣,79.10778443,1.146296296,0.265878788,54.84573171,42.54545455,,,,,100,15,13,18.30898204,78.07784431,13950
2023,17,金門縣,81.8742515,2.0975,0.3055,49.60368098,48.57228916,,,,,1676,92,61,21.2502994,77.50299401,143601
2023,17,雲林縣,73.38772455,2.033942161,0.297590909,42.65827011,52.94984802,,,,,13346,1462,1086,24.50628743,81.21606786,658427
2023,17,高雄市,75.7968678,1.871901608,0.371289264,41.95876822,51.26208178,,,,,41266,4625,2482,26.94794048,72.53583742,2731412
2023,18,南投縣,65.22355289,1.44488978,0.28328,36.71907631,39.51606426,,,,,9033,1133,765,27.05598802,66.06487026,472299
2023,18,嘉義市,69.46107784,2.463473054,0.293473054,39.2025641,51.97590361,,,,,4853,705,402,27.65988024,69.58682635,262177
2023,18,嘉義縣,70.52994012,1.721987952,0.253502994,41.28231707,46.25377644,,,,,8228,851,509,27.03742515,77.00299401,478786
2023,18,基隆市,45.17365269,0.475757576,0.274329268,31.77212121,25.36969697,,,,,5810,672,418,25.23053892,79.14465409,361441
2023,18,宜蘭縣,30.86526946,0.719219219,0.23494012,26.84580838,23.11144578,,,,,9746,1819,1114,25.61916168,80.44610778,449212
2023,18,屏東縣,45.60718563,0.988442822,0.192545455,33.7649697,27.72208738,,,,,13879,2214,1092,28.23203593,71.15868263,789239
2023,18,彰化縣,64.88383234,2.053929867,0.291961492,37.27691373,45.22891566,,,,,22112,2760,1876,26.34845309,75.85828343,1225675
2023,18,新北市,49.35329341,0.959236854,0.360706045,34.21570899,28.62552204,,,,,81735,9516,4447,26.01893032,73.56505171,4047001
2023,18,新竹市,53.52095808,0.889808917,0.306766467,35.4011976,30.87349398,,,,,7254,2079,1357,25.67664671,76.67065868,457242
2023,18,新竹縣,51.04191617,1.164864865,0.248652695,35.20149701,31.81626506,,,,,10157,1369,846,25.4,75.33532934,594641
2023,18,桃園市,50.79811805,1.260069747,0.371659501,32.90025974,33.26590106,,,,,38068,4886,2405,25.43832335,76.78043912,2338648
2023,18,澎湖縣,48.52095808,0.457228916,0.204311377,45.00359281,26.31325301,,,,,2098,82,63,26.3491018,73.08982036,107901
2023,18,臺中市,61.76047904,1.761904762,0.301761158,35.44700855,39.16767189,,,,,53028,9883,6434,26.73964072,71.86467066,2860601
2023,18,臺北市,47.66124893,1.046574154,0.386818573,34.07136641,26.87132988,,,,,43799,6739,4339,25.53778443,73.31394354,2490869
2023,18,臺南市,60.51377246,1.534620024,0.265403129,35.14879518,44.88647343,,,,,25604,4041,2881,27.5761976,67.25748503,1858651
2023,18,臺東縣,25.45508982,0.798773006,0.170299401,26.17757576,16.10542169,,,,,3525,728,437,26.0754491,79.30239521,210219
2023,18,花蓮縣,31.52095808,0.576646707,0.200120482,27.72335329,21.53012048,,,,,5705,1166,649,25.9239521,85.34730539,315374
2023,18,苗栗縣,53.12175649,1.69956427,0.248511066,35.44849699,34.18951613,,,,,11619,1113,661,25.43912176,80.31137725,532854
2023,18,連江縣,60.86227545,1.186708861,0.218614458,42.08313253,37.72289157,,,,,79,7,6,20.9760479,79.5508982,13950
2023,18,金門縣,58.23353293,1.810625,0.24005988,41.7508982,34.30120482,,,,,1576,69,40,23.85361446,77.15060241,143601
2023,18,雲林縣,68.08532934,1.770826833,0.251636086,39.52695253,46.79357798,,,,,13559,1506,1037,26.77734531,76.6741517,658427
2023,18,高雄市,54.73192077,1.923152479,0.299424861,33.7917521,41.59348837,,,,,44111,5047,2754,28.69276175,69.15194157,2731412
2023,19,南投縣,54.13972056,1.194176707,0.287570281,36.2416499,33.0020202,,,,,10111,1276,843,23.8497006,77.88423154,472299
2023,19,嘉義市,59.38922156,2.39939759,0.311807229,36.85151515,43.38181818,,,,,5154,687,357,24.71856287,79.4011976,262177
2023,19,嘉義縣,62.54491018,1.57112462,0.263221884,41.25379939,38.12650602,,,,,9016,891,511,24.39101796,83.29041916,478786
2023,19,基隆市,48.82634731,0.504242424,0.245272727,39.26987952,25.06626506,,,,,6588,900,557,22.05508982,83.30538922,361441
2023,19,宜蘭縣,39.94011976,0.716923077,0.209567901,35.39268293,25.12804878,,,,,10578,2025,1201,22.77365269,80.04191617,449212
2023,19,屏東縣,46.61077844,0.992935445,0.217061669,39.26274272,23.43391521,,,,,15789,2540,1134,25.79830339,77.35229541,789239
2023,19,彰化縣,55.25748503,1.886336155,0.275544794,39.22487923,33.61594203,,,,,23309,2973,1994,24.37185629,77.39221557,1225675
2023,19,新北市,47.45140488,0.786918063,0.330065147,36.96395349,26.50464684,,,,,88985,10012,4763,22.67679641,78.89074578,4047001
2023,19,新竹市,43.37724551,1.189090909,0.292409639,39.28313253,23.04819277,,,,,7841,2309,1352,22.99700599,78.9760479,457242
2023,19,新竹縣,44.60778443,1.181790123,0.232134146,38.94454545,24.79393939,,,,,11068,1420,855,22.4502994,79.51497006,594641
2023,19,桃園市,45.66295979,1.153275109,0.342148472,37.46161262,27.43923611,,,,,40889,5139,2413,22.16886228,82.32814371,2338648
2023,19,澎湖縣,52.13772455,0.5,0.203765432,52.03950617,25.12195122,,,,,2036,73,58,24.56706587,75.64071856,107901
2023,19,臺中市,54.06706587,1.38995098,0.277804584,37.80647131,30.66142684,,,,,57938,10018,6502,23.90275449,76.79401198,2860601
2023,19,臺北市,46.64242943,0.860934744,0.342923875,36.8418483,25.26188418,,,,,47937,7244,4563,21.89986028,80.10878244,2490869
2023,19,臺南市,58.70299401,1.405623472,0.268498168,37.32582619,38.19638554,,,,,28803,4428,3147,25.3489521,73.61976048,1858651
2023,19,臺東縣,34.56886228,0.671559633,0.197125382,34.59661538,18.6030303,,,,,4152,769,388,23.38652695,82.11077844,210219
2023,19,花蓮縣,40.38922156,0.746385542,0.246325301,36.75662651,21.97590361,,,,,6145,1174,760,23.13473054,83.93413174,315374
2023,19,苗栗縣,48.59081836,1.475714286,0.241437247,38.98229376,26.3266129,,,,,12618,1307,739,22.40299401,85.48902196,532854
2023,19,連江縣,74.05988024,1.475776398,0.225421687,60.32771084,28.10240964,,,,,100,11,1,19.89221557,71.38922156,13950
2023,19,金門縣,63.21556886,1.917073171,0.275182927,52.26585366,31.25454545,,,,,1731,76,57,22.47245509,72.25149701,143601
2023,19,雲林縣,56.99401198,1.852727273,0.260651515,40.37914764,37.51134644,,,,,14914,1662,1143,24.38637725,79.93612774,658427
2023,19,高雄市,55.36849378,1.448741845,0.30432093,38.37935544,35.29428173,,,,,48974,5571,2788,26.54605335,75.82612049,2731412
2023,20,南投縣,62.34756098,1.187010309,0.292008197,33.85708419,34.90983607,,,,,9696,1359,827,25.76056911,77.57723577,472299
2023,20,嘉義市,64.40853659,1.703680982,0.29347561,37.88353659,40.20245399,,,,,5419,811,441,27.28780488,78.93292683,262177
2023,20,嘉義縣,66.05792683,1.354375,0.269190031,39.03091483,33.86419753,,,,,9298,990,555,27.29268293,83.29268293,478786
2023,20,基隆市,52.50609756,0.406918239,0.31847561,35.96768293,22.14110429,,,,,6790,850,462,25.08780488,81.1402439,361441
2023,20,宜蘭縣,40.44817073,0.673248408,0.238302469,36.66574074,22.22910217,,,,,10971,2277,1312,25.15457317,82.43902439,449212
2023,20,屏東縣,51.48170732,0.717444717,0.211946144,37.56817625,21.84777228,,,,,17410,2696,1174,27.16707317,83.35772358,789239
2023,20,彰化縣,70.97317073,1.792127921,0.354078624,38.79656442,37.35916359,,,,,23383,3034,1979,27.29268293,78.64786585,1225675
2023,20,新北市,51.25140713,0.891484301,0.425425733,34.17470393,24.5256654,,,,,90495,10365,4777,25.92511271,74.19306479,4047001
2023,20,新竹市,51.43902439,1.202,0.39152439,34.52134146,24.66257669,,,,,7560,2288,1339,26.2402439,77.54878049,457242
2023,20,新竹縣,55.33536585,1.131384615,0.320030769,34.6152439,27.00923077,,,,,11812,1561,905,25.63567073,77.79268293,594641
2023,20,桃園市,59.70383275,1.664362657,0.49331565,34.06572188,32.01869991,,,,,41096,5700,2650,25.53847561,78.01626016,2338648
2023,20,澎湖縣,59.8597561,0.384567901,0.244634146,50.4945122,21.51533742,,,,,2156,87,74,27.10670732,79.29268293,107901
2023,20,臺中市,65.85,1.599014778,0.363018405,36.4025958,35.16770186,,,,,58299,10742,6850,26.655,77.41463415,2860601
2023,20,臺北市,50.34320557,1.024377224,0.438377193,35.19770723,23.19824561,,,,,47530,7345,4614,25.42672764,72.96515679,2490869
2023,20,臺南市,60.40853659,0.956527094,0.282395577,34.88088235,32.39506173,,,,,30392,4744,3206,27.51585366,78.71189024,1858651
2023,20,臺東縣,34.14329268,0.543119266,0.205182927,36.30945122,10.98153846,,,,,4410,840,439,24.49085366,87.61585366,210219
2023,20,花蓮縣,36.63414634,0.583950617,0.263658537,37.48780488,15.89570552,,,,,6301,1292,708,24.5652439,91.20731707,315374
2023,20,苗栗縣,56.24593496,1.541666667,0.314520256,37.21495726,30.21075269,,,,,12183,1341,729,25.79278455,84.75304878,532854
2023,20,連江縣,74.12804878,1.192517007,0.259878049,55.15792683,29.8447205,,,,,97,13,9,23.23536585,82.68292683,13950
2023,20,金門縣,69.93292683,1.192307692,0.288089172,45.25897436,35.11656442,,,,,1790,61,39,24.77926829,89.73170732,143601
2023,20,雲林縣,67.01981707,1.51648855,0.273435115,39.9030581,36.68865031,,,,,15526,1738,1201,27.21935976,81.27134146,658427
2023,20,高雄市,58.15666041,1.370560528,0.310664781,34.69480397,30.75106484,,,,,52331,6138,3099,27.88922764,81.99085366,2731412
2023,21,南投縣,50.19722222,1.167514124,0.248276836,27.81460674,35.03651685,,,,,10201,1365,884,27.39222222,75.2,472299
2023,21,嘉義市,50.425,2.2275,0.245916667,29.2475,40.125,,,,,5683,818,437,28.6875,76.29166667,262177
2023,21,嘉義縣,49.5875,1.593589744,0.202510638,32.11392405,32.46413502,,,,,9848,894,475,28.41228814,81.49159664,478786
2023,21,基隆市,50.96666667,0.389380531,0.316806723,25.67142857,30.725,,,,,7072,1059,597,26.27563025,84.91596639,361441
2023,21,宜蘭縣,43.275,0.789029536,0.280464135,26.1742616,33.28991597,,,,,10892,2339,1321,26.64791667,83.10416667,449212
2023,21,屏東縣,42.31833333,0.692136752,0.174915254,31.31078767,25.44745763,,,,,18333,2716,1145,28.37569444,78.94305556,789239
2023,21,彰化縣,58.03666667,1.614583333,0.239846939,31.07196581,35.38720539,,,,,23876,3383,2080,28.0175,81.14375,1225675
2023,21,新北市,49.46089744,0.681530343,0.427043819,25.31219035,31.84073107,,,,,90830,10660,4952,27.3015846,78.81954545,4047001
2023,21,新竹市,51.25833333,0.458,0.309237288,31.83277311,32.10084034,,,,,7451,2259,1358,27.74166667,82.99166667,457242
2023,21,新竹縣,51.19166667,0.93106383,0.251957447,28.34491525,31.59663866,,,,,11798,1639,894,27.06333333,79.6875,594641
2023,21,桃園市,54.3797619,1.082054455,0.410379437,25.98609756,37.11300122,,,,,41716,5864,2561,27.01291667,83.57638889,2338648
2023,21,澎湖縣,41.8,0.322727273,0.164201681,37.78416667,25.07563025,,,,,2285,99,77,27.95416667,81.9,107901
2023,21,臺中市,52.70166667,1.29778157,0.269063032,29.70557432,34.30118443,,,,,59105,11058,6945,27.87254167,79.20208333,2860601
2023,21,臺北市,48.16071429,0.856608812,0.455241038,25.1355198,30.00123762,,,,,47054,7800,4849,26.52119444,79.97400794,2490869
2023,21,臺南市,44.98333333,1.005110733,0.209661017,26.89001692,29.36700337,,,,,32042,5147,3360,29.13270833,73.42708333,1858651
2023,21,臺東縣,30.62916667,0.59707113,0.177112971,27.04789916,20.7721519,,,,,4433,979,494,26.66166667,82.3375,210219
2023,21,花蓮縣,39.41666667,0.827966102,0.223728814,28.14285714,26.52941176,,,,,6655,1508,769,26.2325,89.43333333,315374
2023,21,苗栗縣,51.04444444,1.216426513,0.236011396,30.61107955,33.64739884,,,,,11885,1361,696,27.13555556,86.88472222,532854
2023,21,連江縣,53.375,1.332773109,0.159915966,40.9675,34.875,,,,,122,12,8,24.29,82.7,13950
2023,21,金門縣,67.775,1.208403361,0.198403361,43.0225,43.78333333,,,,,2078,57,42,26.07083333,87.675,143601
2023,21,雲林縣,50.30168776,1.387885463,0.204726477,30.63427332,35.74130435,,,,,15229,1774,1218,28.61159722,81.16805556,658427
2023,21,高雄市,44.89871795,1.232465843,0.240636777,28.12859922,29.34885246,,,,,53924,6741,3063,29.06733586,79.34583333,2731412
2023,22,南投縣,53.76247505,1.366802444,0.22342,35.90562249,32.65392354,,,,,9660,1394,816,28.75718563,72.28542914,472299
2023,22,嘉義市,53.7245509,1.750898204,0.222155689,34.6873494,44.23493976,,,,,5519,858,436,29.23712575,80.11377246,262177
2023,22,嘉義縣,52.93413174,1.086163522,0.181732523,33.97981928,38.68882175,,,,,9575,1060,607,29.00179641,83.41616766,478786
2023,22,基隆市,36.10179641,0.6225,0.170958084,22.80239521,24.30722892,,,,,6702,1123,634,27.64730539,87.29341317,361441
2023,22,宜蘭縣,30.70658683,0.593373494,0.153975904,21.30241692,23.69393939,,,,,10207,2191,1218,28.28832335,81.4011976,449212
2023,22,屏東縣,48.59281437,1.004342581,0.176526946,36.28115246,31.15114873,,,,,18073,2826,1197,29.45469062,74.56886228,789239
2023,22,彰化縣,54.69820359,1.56,0.218444714,29.16780488,38.11097411,,,,,24366,3750,2253,28.9002994,80.9251497,1225675
2023,22,新北市,31.83509903,0.586173184,0.251469501,21.16536857,21.69549047,,,,,86909,10806,4897,28.427681,81.26129559,4047001
2023,22,新竹市,33.37724551,0.577777778,0.23753012,24.73212121,24.3030303,,,,,7347,2405,1439,29.16586826,78.05988024,457242
2023,22,新竹縣,33.73353293,0.716615385,0.179216867,24.61604938,20.92424242,,,,,11288,1631,934,28.44311377,76.76646707,594641
2023,22,桃園市,31.86569718,0.848688811,0.266386986,21.04862779,23.64224138,,,,,39160,6117,2425,28.16087824,82.69061876,2338648
2023,22,澎湖縣,34.65269461,0.41746988,0.135060241,31.26646707,22.8253012,,,,,2215,101,75,28.30898204,80.65269461,107901
2023,22,臺中市,51.65508982,1.385990338,0.260156627,32.89783394,32.94216867,,,,,57427,11656,6918,29.06299401,77.08742515,2860601
2023,22,臺北市,30.9597947,1.152309059,0.265905579,20.43486159,18.88199828,,,,,45521,7897,4534,27.67904192,81.77202737,2490869
2023,22,臺南市,49.03592814,0.809832134,0.207613909,31.57644231,35.10532688,,,,,31509,5444,3518,29.38278443,76.59281437,1858651
2023,22,臺東縣,26.47305389,0.604790419,0.132680723,23.46856287,20.42168675,,,,,4582,1069,555,28.16377246,73.74251497,210219
2023,22,花蓮縣,28.82035928,0.486875,0.174876543,22.25031847,22.61445783,,,,,5837,1313,665,28.45030303,81.84337349,315374
2023,22,苗栗縣,41.15768463,1.281759657,0.206367347,29.7401222,27.42622951,,,,,12235,1428,714,28.1749501,84.49201597,532854
2023,22,連江縣,41.73053892,0.809271523,0.150662651,32.25868263,25.35542169,,,,,92,3,3,26.83293413,79.5988024,13950
2023,22,金門縣,45.08383234,1.226347305,0.206347305,35.09036145,29.81927711,,,,,1914,59,38,29.61616766,75.07784431,143601
2023,22,雲林縣,47.72305389,1.305448718,0.175440729,30.88444109,35.69984917,,,,,14680,1718,1152,29.1258982,83.69011976,658427
2023,22,高雄市,51.77291571,1.505199629,0.254872626,34.07061281,35.61988848,,,,,54042,6908,3141,29.57303121,77.95554346,2731412
2023,23,南投縣,30.75100402,0.943319838,0.172105263,26.05821501,20.75152749,,,,,8918,1384,807,27.71927711,80.3935743,472299
2023,23,嘉義市,27.97590361,1.231055901,0.186397516,23.99679487,23.81875,,,,,5442,1100,524,29.26158537,79.95121951,262177
2023,23,嘉義縣,38.09638554,1.0330033,0.181743119,23.48024691,25.75757576,,,,,9448,1191,735,29.81927711,79.93072289,478786
2023,23,基隆市,44.84939759,0.573333333,0.276363636,24.86036585,22.04242424,,,,,6741,1098,637,28.11566265,87.3373494,361441
2023,23,宜蘭縣,30.9246988,0.719512195,0.207012195,23.0673913,20.71818182,,,,,9439,2021,1208,28.26566265,85.26506024,449212
2023,23,屏東縣,25.76115802,0.589228886,0.127761557,20.46053593,15.96683047,,,,,17086,2809,1258,29.29016064,79.79919679,789239
2023,23,彰化縣,41.56506024,1.539450687,0.191175031,24.03053528,25.46601942,,,,,23186,3714,2155,29.43544177,80.11696787,1225675
2023,23,新北市,39.99535747,0.897406884,0.342867166,24.90740566,21.81019168,,,,,87094,10534,4811,28.8810743,80.42688938,4047001
2023,23,新竹市,33.14457831,0.849090909,0.248969697,22.67865854,21.38181818,,,,,7719,2134,1282,29.78795181,74.24698795,457242
2023,23,新竹縣,35.16566265,0.784146341,0.186808511,22.8449848,20.43465046,,,,,11643,1741,956,28.8560241,77.04819277,594641
2023,23,桃園市,40.49784668,1.11357268,0.333686957,23.51221441,24.04600694,,,,,39230,6531,2620,28.88815261,81.93875502,2338648
2023,23,澎湖縣,28.68072289,0.334756098,0.151818182,25.89030303,18.73780488,,,,,2164,117,73,29.60843373,78.74096386,107901
2023,23,臺中市,36.13975904,1.413193588,0.222644526,24.7391468,22.57389163,,,,,56592,11832,6849,29.10879518,78.14186747,2860601
2023,23,臺北市,40.80517241,1.070125224,0.412775832,23.47438163,22.43455497,,,,,45901,7941,4698,28.13638554,80.78843947,2490869
2023,23,臺南市,28.92771084,0.915121951,0.184317073,19.61936275,20.34226553,,,,,31511,5623,3572,29.97163655,75.92720884,1858651
2023,23,臺東縣,18.0873494,0.418125,0.133757576,15.09969136,13.23170732,,,,,4062,968,493,27.9003012,83.32228916,210219
2023,23,花蓮縣,22.25903614,0.434756098,0.159268293,18.4654321,16.06060606,,,,,5352,1356,712,27.92650602,91.1746988,315374
2023,23,苗栗縣,38.12248996,1.40617284,0.216518219,23.67414141,22.39393939,,,,,12453,1396,677,28.74688755,79.95481928,532854
2023,23,連江縣,54.18674699,0.955696203,0.231151515,41.56727273,24.55151515,,,,,141,15,5,26.50120482,86.65060241,13950
2023,23,金門縣,43.84939759,0.926708075,0.177151899,28.68231707,23.26666667,,,,,2206,96,59,28.47590361,88.21686747,143601
2023,23,雲林縣,36.17771084,1.193643411,0.168118361,23.86342944,24.68693009,,,,,14955,1780,1136,29.48609438,83.18524096,658427
2023,23,高雄市,29.16736208,1.196389549,0.19035866,17.87389863,19.53283302,,,,,53649,6576,2985,29.99251552,78.63608981,2731412
2023,24,南投縣,26.05588822,0.807185629,0.20752495,21.81896208,17.65261044,,,,,8607,1323,671,26.94491018,86.15369261,472299
2023,24,嘉義市,26.04790419,1.201923077,0.225802469,23.89197531,18.15662651,,,,,5377,1065,465,28.08562874,89.00598802,262177
2023,24,嘉義縣,32.59580838,0.889041096,0.231717791,26.95967213,18.07453416,,,,,9680,1247,713,28.56137725,87.92814371,478786
2023,24,基隆市,30.41317365,0.672049689,0.245454545,23.3813253,16.86746988,,,,,6539,1051,623,26.04698795,93.02409639,361441
2023,24,宜蘭縣,27.53892216,0.623795181,0.21996988,23.52682927,18.13803681,,,,,9465,1927,1193,26.35449102,89.91916168,449212
2023,24,屏東縣,26.81077844,0.364375,0.136805386,25.68221681,13.90096618,,,,,16356,2767,1216,27.82974052,91.11377246,789239
2023,24,彰化縣,36.61138015,1.637591241,0.234034022,26.36894032,21.27909887,,,,,23373,3909,2113,28.32949102,85.0239521,1225675
2023,24,新北市,34.08709677,0.836005626,0.362519722,24.79670534,16.79851094,,,,,86566,10420,4682,26.95690891,85.42253674,4047001
2023,24,新竹市,28.03592814,1.065217391,0.285792683,24.859375,17.24698795,,,,,7684,2004,1243,27.99520958,79.53293413,457242
2023,24,新竹縣,29.7994012,0.803636364,0.231030303,24.44393939,17.92749245,,,,,11825,1657,861,27.15868263,84.52095808,594641
2023,24,桃園市,34.39178785,1.233740192,0.395333904,24.23086844,18.58153581,,,,,39613,6344,2484,26.85489022,87.93413174,2338648
2023,24,澎湖縣,31.56886228,0.463414634,0.170797546,33.19493671,12.46666667,,,,,2515,137,61,28.93592814,82.18562874,107901
2023,24,臺中市,35.34850299,1.2058753,0.284028777,26.78153477,22.04698795,,,,,57171,11839,6863,28.07257485,85.61916168,2860601
2023,24,臺北市,36.22945205,1.072528434,0.426393443,23.92578125,17.36640557,,,,,45747,7719,4744,26.41275449,85.39734816,2490869
2023,24,臺南市,26.90419162,0.935072816,0.223927273,23.42976914,14.67068758,,,,,32742,5733,3497,28.54161677,84.46556886,1858651
2023,24,臺東縣,21.93693694,0.514545455,0.168489426,20.87210031,14.0881459,,,,,3928,1024,476,26.69371257,89.17065868,210219
2023,24,花蓮縣,27.79640719,0.72754491,0.21748503,24.71736527,17.03614458,,,,,5394,1469,689,26.93674699,93.05988024,315374
2023,24,苗栗縣,31.626,1.390816327,0.227002012,25.7,19.47484909,,,,,12708,1414,730,27.28642715,83.85229541,532854
2023,24,連江縣,52.98203593,0.931137725,0.233832335,47.30179641,19.56707317,,,,,141,19,5,26.1748503,84.60479042,13950
2023,24,金門縣,44.08982036,1.140963855,0.232108434,39.03493976,18.42424242,,,,,2140,68,43,27.05329341,89.79640719,143601
2023,24,雲林縣,30.94610778,1.224357035,0.199487179,23.97431611,19.88519637,,,,,16008,1927,1115,28.47275449,89.76097804,658427
2023,24,高雄市,27.92300599,1.668599258,0.247140213,21.5146161,15.12211221,,,,,53171,6745,2890,28.29602159,88.86390855,2731412
2023,25,南投縣,24.24550898,0.987122736,0.130784708,18.57272727,16.55959596,,,,,8176,1232,704,29.19790419,69.76846307,472299
2023,25,嘉義市,22.65269461,1.420987654,0.118060606,19.7190184,17.42331288,,,,,5029,937,347,30.15808383,72.68263473,262177
2023,25,嘉義縣,25.70658683,1.005017921,0.170966767,17.64897959,18.30745342,,,,,9198,1177,658,30.8239521,76.31137725,478786
2023,25,基隆市,36.4011976,1.394545455,0.250424242,22.67454545,24.46385542,,,,,5408,718,403,29.79461078,81.13173653,361441
2023,25,宜蘭縣,33.80239521,1.020543807,0.216325301,21.37666667,22.22891566,,,,,8739,1754,1012,29.56916168,80.22155689,449212
2023,25,屏東縣,20.48862275,0.573292683,0.093070388,16.24720874,13.64087062,,,,,16274,2525,1041,30.36057884,75.33133733,789239
2023,25,彰化縣,31.52934132,1.570181818,0.140822249,16.5609697,22.17783191,,,,,23433,3999,2046,30.26736527,76.90568862,1225675
2023,25,新北市,35.29667283,1.02096697,0.289508657,20.14298536,21.06060606,,,,,76453,9349,4200,29.97661949,76.21034295,4047001
2023,25,新竹市,23.63473054,0.977439024,0.197878788,17.24662577,16.97575758,,,,,6622,1661,1002,30.25662651,73.75903614,457242
2023,25,新竹縣,27.93413174,0.863076923,0.147112462,18.69908537,17.05182927,,,,,9825,1496,772,29.29156627,75.60240964,594641
2023,25,桃園市,32.01625321,1.054054054,0.275715517,18.87686957,20.27139153,,,,,34090,5708,2169,29.41215569,80.74091816,2338648
2023,25,澎湖縣,21.35928144,0.475776398,0.13253012,18.02349398,10.6746988,,,,,2463,173,63,30.45389222,78.07185629,107901
2023,25,臺中市,28.00359281,1.166263603,0.164969843,19.6790303,19.23665049,,,,,52005,11145,6463,30.00934132,74.31856287,2860601
2023,25,臺北市,37.75278015,0.988122271,0.379093264,19.08290155,22.21791559,,,,,38612,6743,3716,29.3757485,75.70230967,2490869
2023,25,臺南市,21.63353293,0.790181818,0.148446602,15.19915459,14.56590085,,,,,30335,5649,3237,30.52829341,73.20808383,1858651
2023,25,臺東縣,24.46107784,0.62674772,0.126960486,16.76391437,18.23636364,,,,,3489,744,319,29.71257485,74.76946108,210219
2023,25,花蓮縣,29.7245509,0.649689441,0.162875,20.79565217,18.98773006,,,,,4464,1115,568,29.50783133,76.71084337,315374
2023,25,苗栗縣,25.59481038,1.461740891,0.147560484,19.83983903,17.21975806,,,,,11977,1328,672,29.86946108,71.30339321,532854
2023,25,連江縣,48.73053892,0.691566265,0.15560241,36.26626506,21.79393939,,,,,116,29,9,27.19820359,86.62874251,13950
2023,25,金門縣,29.03592814,0.868292683,0.100314465,22.98484848,18.09638554,,,,,1620,67,51,28.99341317,92.91017964,143601
2023,25,雲林縣,23.82634731,1.17571644,0.134690799,15.33794163,18.37367625,,,,,15661,1845,929,30.34101796,78.50748503,658427
2023,25,高雄市,20.81160755,1.262796098,0.152323748,13.92846442,13.88366682,,,,,51082,6430,2650,30.74110869,76.24854836,2731412
2023,26,南投縣,26.11177645,0.938028169,0.162135729,20.83892216,18.31325301,,,,,8367,1178,659,28.07088353,76.64471058,472299
2023,26,嘉義市,30.26347305,1.480120482,0.169401198,26.95389222,22.18072289,,,,,5300,1018,409,29.4753012,77.59281437,262177
2023,26,嘉義縣,34.95209581,1.534700315,0.179099099,25.55137615,22.10574018,,,,,9173,1134,586,30.32198795,77.15868263,478786
2023,26,基隆市,23.23353293,1.076047904,0.196107784,17.6988024,16.37349398,,,,,5670,706,447,29.87168675,78.28742515,361441
2023,26,宜蘭縣,20.16167665,0.880780781,0.150928144,12.61497006,17.12349398,,,,,8985,1757,1078,29.6876506,77.83532934,449212
2023,26,屏東縣,23.3005988,0.618956743,0.115072639,20.05450122,13.23763571,,,,,16858,2602,1066,29.51706827,78.58083832,789239
2023,26,彰化縣,35.03936039,1.469012346,0.16020936,24.84783684,23.85856079,,,,,23177,4068,2133,30.01762048,75.59131737,1225675
2023,26,新北市,30.81989866,0.886543909,0.30449329,21.23432064,18.08267534,,,,,80330,9338,4296,30.05445874,74.55688623,4047001
2023,26,新竹市,26.17365269,1.022155689,0.205808383,22.87664671,16.28915663,,,,,7419,1817,1128,30.50843373,71.41317365,457242
2023,26,新竹縣,27.82934132,0.657980456,0.152844311,23.4251497,17.34848485,,,,,10659,1508,767,29.55210843,74.25748503,594641
2023,26,桃園市,32.65611634,1.250218341,0.296008584,23.45915735,20.68421053,,,,,35496,5720,2236,29.60431727,79.51297405,2338648
2023,26,澎湖縣,24.77844311,0.534730539,0.124011976,27.25628743,13.31325301,,,,,2023,162,62,30.44337349,76.70658683,107901
2023,26,臺中市,30.9005988,1.271548619,0.191353293,24.17461078,21.04463209,,,,,55241,11843,6749,29.64156627,74.81197605,2860601
2023,26,臺北市,30.27304348,0.860286225,0.354995633,19.55272408,17.61267606,,,,,40913,7028,4263,29.33054217,73.2421728,2490869
2023,26,臺南市,29.83113772,1.049097473,0.187160048,22.76751208,19.22436671,,,,,31965,5789,3381,29.95742972,75.14121756,1858651
2023,26,臺東縣,17.13173653,0.555015198,0.119341317,8.687349398,14.3897281,,,,,4279,794,261,27.89457831,80.83832335,210219
2023,26,花蓮縣,15.76047904,0.483030303,0.112874251,10.5169697,13.09638554,,,,,4944,1281,705,28.71144578,78.10179641,315374
2023,26,苗栗縣,26.65868263,1.432730924,0.147724551,23.51077844,16.41767068,,,,,12665,1265,688,29.64899598,71.83033932,532854
2023,26,連江縣,28.10179641,0.969879518,0.111077844,26.61017964,14.51807229,,,,,101,25,14,29.34879518,78.67065868,13950
2023,26,金門縣,21.03592814,0.923952096,0.095925926,19.02634731,13.81325301,,,,,1733,67,35,30.07108434,83.13173653,143601
2023,26,雲林縣,31.24550898,1.442682927,0.154795144,22.19410876,23.91284404,,,,,15477,1970,1118,29.94467871,79.40518962,658427
2023,26,高雄市,31.61662818,1.894291062,0.227316279,21.39482759,19.89561976,,,,,52649,6601,2640,30.24334155,77.06396298,2731412
2023,27,南投縣,23.05189621,0.899595142,0.128137652,19.43838384,15.78787879,,,,,8341,1258,686,29.93717172,65.17964072,472299
2023,27,嘉義市,23.56886228,1.62,0.123333333,21.21595092,16.06097561,,,,,4495,995,430,31.03636364,66.19161677,262177
2023,27,嘉義縣,29.58383234,1.59969697,0.145800604,19.26909091,17.66465257,,,,,8213,1022,552,31.55424242,69.76047904,478786
2023,27,基隆市,32.7245509,1.313333333,0.210848485,23.38773006,22.6686747,,,,,5076,809,543,31.04121212,74.10179641,361441
2023,27,宜蘭縣,30.04191617,1.022054381,0.158640483,23.6195122,20.81626506,,,,,8488,1724,1057,30.66727273,73.58383234,449212
2023,27,屏東縣,25.46586826,0.710627401,0.09824937,19.27119497,16.09762203,,,,,14865,2489,1023,30.80080808,72.81536926,789239
2023,27,彰化縣,29.9748503,1.591176471,0.13447561,18.37420538,20.76434676,,,,,20117,3491,1821,31.19984848,69.49550898,1225675
2023,27,新北市,33.26024873,1.068361045,0.275331466,21.77080189,21.89591078,,,,,71649,8847,3889,31.41293388,67.53075667,4047001
2023,27,新竹市,24.51497006,0.967073171,0.184545455,18.69393939,16.98192771,,,,,6781,1826,1123,31.54666667,66,457242
2023,27,新竹縣,28.06886228,1.027759197,0.13830303,20.12386707,19.07384615,,,,,9423,1353,736,30.49757576,67.76347305,594641
2023,27,桃園市,32.20444825,1.09911032,0.269524221,19.85621762,21.48702422,,,,,31394,5271,2235,30.69606061,71.43413174,2338648
2023,27,澎湖縣,25.05389222,0.576506024,0.123012048,19.89277108,11.94578313,,,,,2171,125,68,30.77515152,77.10179641,107901
2023,27,臺中市,28.58802395,1.437394451,0.162831325,21.12033898,19.78433735,,,,,50533,10765,6100,31.09357576,64.84191617,2860601
2023,27,臺北市,35.89221557,1.114210985,0.383862847,21.36791958,22.65828274,,,,,36495,6679,4374,30.90282828,65.65768463,2490869
2023,27,臺南市,24,0.91925,0.1475625,16.440625,14.83186951,,,,,28203,4880,2837,31.12974747,68.71057884,1858651
2023,27,臺東縣,20.6497006,0.576969697,0.132900302,18.79969789,13.92771084,,,,,3783,714,274,30.27727273,70.84131737,210219
2023,27,花蓮縣,25.65454545,0.840740741,0.149570552,22.12606061,15.04878049,,,,,4450,967,569,30.10792683,71.8253012,315374
2023,27,苗栗縣,25.97804391,1.606837607,0.141787234,21.99129512,17.7289916,,,,,11102,1204,699,30.69555556,64.69660679,532854
2023,27,連江縣,35.70658683,0.789156627,0.10518797,30.82228916,23.69277108,,,,,130,30,11,27.90121212,82.54491018,13950
2023,27,金門縣,30.61676647,1.000606061,0.109565217,25.77939394,18.57575758,,,,,1780,73,47,28.81333333,89.51497006,143601
2023,27,雲林縣,22.95359281,1.171293375,0.131424,18.44164038,16.60876369,,,,,13509,1605,1043,31.26989899,70.6761477,658427
2023,27,高雄市,25.49746661,1.058506024,0.155931796,16.81348098,14.95489079,,,,,45532,6274,2505,31.17433242,74.47827073,2731412
2023,28,南投縣,26.22774327,0.958455115,0.145208333,23.36722689,17.49372385,,,,,7178,1160,587,29.389375,70.05797101,472299
2023,28,嘉義市,28.14285714,1.60125,0.1544375,25.69627329,20.55625,,,,,4027,951,363,30.399375,73.01863354,262177
2023,28,嘉義縣,29.97826087,1.87625,0.155372671,21.92634921,18.034375,,,,,7374,983,524,30.9396875,73.77950311,478786
2023,28,基隆市,30.45341615,1.17875,0.172360248,20.86770186,18.7875,,,,,4421,747,537,30.90625,75.63354037,361441
2023,28,宜蘭縣,26.72981366,0.949371069,0.127826087,17.15931677,19.4965035,,,,,8281,1470,928,30.839375,71.26708075,449212
2023,28,屏東縣,20.54875,0.647003155,0.119984375,21.87774295,13.7963964,,,,,13823,2349,967,30.25041667,77.21325052,789239
2023,28,彰化縣,31.46583851,1.552338812,0.152029888,20.86951066,20.521682,,,,,18338,3357,1787,31.16546875,72.09006211,1225675
2023,28,新北市,34.09412327,1.048029197,0.26253861,23.1789371,19.41173333,,,,,65867,8317,3728,31.16916667,70.70807453,4047001
2023,28,新竹市,26.14906832,1.014906832,0.19826087,20.19130435,16.10062893,,,,,5849,1614,1018,31.435,68.91925466,457242
2023,28,新竹縣,28.8136646,0.952173913,0.151801242,22.440625,16.94303797,,,,,8421,1279,657,30.42625,69.55900621,594641
2023,28,桃園市,34.51020408,1.361182994,0.293226381,22.27142857,20.79659413,,,,,29483,4878,2013,30.684375,74.05072464,2338648
2023,28,澎湖縣,21.50310559,0.380124224,0.094968944,24.00124224,7.9125,,,,,1861,121,68,31.021875,75.22981366,107901
2023,28,臺中市,28.23602484,1.415676359,0.179837093,22.55145019,18.37916667,,,,,45804,10350,5743,30.866125,68.1863354,2860601
2023,28,臺北市,35.80390417,0.971207993,0.318439462,22.93351351,19.29099526,,,,,34261,6053,3799,30.53845833,69.06048506,2490869
2023,28,臺南市,24.14800995,0.781933842,0.158547771,20.06210393,15.25746799,,,,,26267,4556,2562,30.72489583,71.98498965,1858651
2023,28,臺東縣,17.03726708,0.530529595,0.101335404,15.06180124,11.11764706,,,,,3146,650,276,30.468125,69.45341615,210219
2023,28,花蓮縣,24.9378882,0.804347826,0.12136646,17.0689441,13.58125,,,,,4055,850,493,30.04375,74.1242236,315374
2023,28,苗栗縣,27.00621118,1.391397849,0.140491453,23.35809935,15.2039312,,,,,9588,1201,639,30.1321875,69.38302277,532854
2023,28,連江縣,31.20496894,0.68625,0.1020625,28.50496894,15.54375,,,,,41,42,1,28.558125,82.71428571,13950
2023,28,金門縣,36.72049689,1.680745342,0.132608696,29.84347826,15.05,,,,,1533,66,33,29.904375,82.92546584,143601
2023,28,雲林縣,26.45567652,1.277580645,0.136018957,20.79403454,19.4519685,,,,,12234,1582,1021,30.93171875,75.30745342,658427
2023,28,高雄市,26.42473634,1.145381741,0.201920844,22.4190577,17.68875611,,,,,42146,6607,2494,30.76003314,76.34652739,2731412
2023,29,南投縣,25.35129741,0.818346774,0.151310484,24.57723577,14.26035503,,,,,6990,1143,656,28.10778443,79.35828343,472299
2023,29,嘉義市,29.64071856,1.353614458,0.185903614,30.09819277,18.18181818,,,,,3889,991,386,29.27724551,80.95209581,262177
2023,29,嘉義縣,31.63473054,1.639156627,0.184578313,26.94680851,14.95468278,,,,,6494,852,498,29.35239521,81.05988024,478786
2023,29,基隆市,29.20958084,0.998192771,0.219096386,22.17650602,17.98198198,,,,,4428,665,483,30.58922156,77.2994012,361441
2023,29,宜蘭縣,21.22155689,0.885843373,0.181144578,17.32114804,14.16236162,,,,,7738,1529,952,30.63922156,70.53293413,449212
2023,29,屏東縣,17.13053892,0.421395349,0.11428356,18.79834337,14.5372617,,,,,12291,2197,1021,29.53712575,80.72255489,789239
2023,29,彰化縣,29.89341317,1.342144638,0.173349938,26.56767677,16.94668588,,,,,17519,3372,1819,30.1248503,77.96407186,1225675
2023,29,新北市,29.76093966,0.97101518,0.301182543,21.19736222,17.3360522,,,,,62215,8192,3701,30.40189167,75.62787153,4047001
2023,29,新竹市,26.17365269,0.675757576,0.222969697,22.61575758,16.03012048,,,,,5630,1568,963,30.88922156,72.65868263,457242
2023,29,新竹縣,30.29041916,0.995426829,0.175933735,23.94471299,17.10843373,,,,,7599,1262,620,29.75988024,76.32634731,594641
2023,29,桃園市,31.9170231,1.22432196,0.32262931,22.28820468,19.52101576,,,,,27804,4797,1957,30.1001996,77.66367265,2338648
2023,29,澎湖縣,23.75449102,0.478527607,0.123333333,25.43915663,9.845679012,,,,,1615,128,59,31.27904192,73.46706587,107901
2023,29,臺中市,29.25389222,1.411622276,0.225652174,25.86783555,16.73806078,,,,,43607,10144,5516,29.65497006,77.73053892,2860601
2023,29,臺北市,31.65098375,0.818679409,0.374504737,19.5472028,16.93855744,,,,,31881,6084,3917,29.54201597,76.38665526,2490869
2023,29,臺南市,24.05628743,0.858778626,0.187109756,22.43471883,13.58855586,,,,,24435,4624,2647,29.9245509,77.11976048,1858651
2023,29,臺東縣,14.06586826,0.542296073,0.107827476,11.55256798,11.99619772,,,,,3063,650,385,28.59101796,78.81137725,210219
2023,29,花蓮縣,17.04790419,0.666060606,0.116204819,13.56144578,12.30722892,,,,,3775,861,505,29.51856287,76.73053892,315374
2023,29,苗栗縣,27.45708583,1.165495868,0.166082474,25.43008299,15.05849582,,,,,9133,997,545,29.32754491,76.59281437,532854
2023,29,連江縣,26.79041916,0.722560976,0.120424242,25.29378882,15.35151515,,,,,31,14,3,29.51556886,80.50898204,13950
2023,29,金門縣,24.64670659,1.193939394,0.118963415,21.79878788,10.57831325,,,,,1405,46,26,29.67964072,87.32335329,143601
2023,29,雲林縣,27.24251497,1.270762053,0.150748092,25.99677419,16.00305344,,,,,11749,1549,1000,29.96272455,80.71407186,658427
2023,29,高雄市,23.48364809,1.345843957,0.220264766,19.50147733,18.92705342,,,,,39461,6337,2352,30.40888677,76.82203774,2731412
2023,30,南投縣,25.23952096,0.920359281,0.175668663,19.4508982,18.98571429,,,,,6948,1066,601,27.77994012,79.89221557,472299
2023,30,嘉義市,26.28143713,1.332335329,0.179461078,23.41017964,19.35542169,,,,,3489,662,318,28.44071856,84.76646707,262177
2023,30,嘉義縣,29.2754491,1.683532934,0.173333333,23.98952096,16.87009063,,,,,6081,743,387,28.81586826,85.4011976,478786
2023,30,基隆市,20.33532934,0.842236025,0.130432099,19.54409938,13.27480916,,,,,4283,672,481,29.86826347,78.4251497,361441
2023,30,宜蘭縣,21.85329341,0.681081081,0.152095808,16.37934132,14.54216867,,,,,7430,1365,896,29.57994012,73.75149701,449212
2023,30,屏東縣,20.73654391,0.406955178,0.108682635,21.88018018,13.13574661,,,,,9941,1770,806,28.49660679,85.17964072,789239
2023,30,彰化縣,37.34892086,1.618192771,0.200673887,24.17409201,23.88874842,,,,,17248,3236,1750,29.48398204,81.52994012,1225675
2023,30,新北市,22.32980193,0.72975129,0.236055427,16.76827907,14.80199501,,,,,60261,8811,3620,29.973317,73.59989113,4047001
2023,30,新竹市,32.13173653,0.669461078,0.24502994,20.41807229,20.89759036,,,,,5596,1544,814,30.10778443,75.10179641,457242
2023,30,新竹縣,30.24550898,0.641441441,0.177477477,20.15748503,17.9186747,,,,,7661,1149,562,29.52934132,76.09281437,594641
2023,30,桃園市,25.05474765,0.952476108,0.27699914,16.47344828,17.36755824,,,,,27580,4527,1786,29.49560878,76.29241517,2338648
2023,30,澎湖縣,24.16167665,0.261077844,0.096766467,25.01437126,17.07831325,,,,,1361,85,45,29.8491018,81.67664671,107901
2023,30,臺中市,37.79041916,1.289688249,0.250538922,24.12371257,22.9395466,,,,,41999,10306,5420,29.15293413,80.24670659,2860601
2023,30,臺北市,24.16082121,0.688831169,0.272046233,15.7010327,13.41014235,,,,,31656,6350,3707,29.1247505,74.10265184,2490869
2023,30,臺南市,24.3760479,0.676005025,0.18509113,18.36104369,16.0969697,,,,,19885,3651,2019,28.73308383,84.01746507,1858651
2023,30,臺東縣,17.11377246,0.509480122,0.091878788,15.22599388,11.80243161,,,,,2651,550,298,27.5502994,83.5988024,210219
2023,30,花蓮縣,15.8502994,0.732335329,0.128323353,15.19700599,10.92771084,,,,,3543,805,460,28.14790419,80.32335329,315374
2023,30,苗栗縣,35.49301397,1.20931677,0.196688312,22.94669421,23.04166667,,,,,8851,953,513,28.7488024,79.71357285,532854
2023,30,連江縣,28.4251497,0.697005988,0.102012195,23.21377246,21.53012048,,,,,29,21,10,28.89401198,82.44311377,13950
2023,30,金門縣,23.69461078,0.989221557,0.109820359,21.85269461,13.08433735,,,,,1055,38,20,29.78323353,81.5988024,143601
2023,30,雲林縣,30.88473054,1.301219512,0.165996956,23.10684932,20.98944193,,,,,10841,1325,812,29.03937126,86.33782435,658427
2023,30,高雄市,25.125,1.385828343,0.235509697,19.66775956,17.94550265,,,,,32791,5088,2004,28.78432499,85.15515333,2731412
2023,31,南投縣,26.5508982,0.784879032,0.154417671,22.31541582,19.89676113,,,,,6119,1059,573,27.83672655,83.67065868,472299
2023,31,嘉義市,29.37724551,1.663253012,0.183855422,25.24842767,25.07878788,,,,,3573,803,355,28.87844311,86.95209581,262177
2023,31,嘉義縣,32.94610778,1.509393939,0.148731118,26.975,20.96686747,,,,,5419,691,371,29.52155689,85.82335329,478786
2023,31,基隆市,30.47305389,0.977439024,0.175151515,21.23963415,17.86746988,,,,,3889,637,401,29.2760479,85.1257485,361441
2023,31,宜蘭縣,25.1257485,0.628658537,0.187060606,17.94151515,15.09393939,,,,,6263,1167,820,31.01017964,65.09580838,449212
2023,31,屏東縣,38.99101412,0.431123139,0.123005181,27.39466146,30.97146563,,,,,10301,2071,1016,29.56121212,85.80923695,789239
2023,31,彰化縣,34.72335329,1.363228155,0.155389294,22.90977995,24.43583535,,,,,16004,3038,1696,29.57939122,84.09680639,1225675
2023,31,新北市,31.48226624,0.77498809,0.248590761,20.39040711,20.07079646,,,,,57149,8779,3207,29.35113107,80.74795863,4047001
2023,31,新竹市,24.4011976,0.595731707,0.205636364,19.48527607,18.27272727,,,,,5477,1588,952,29.31856287,79.66467066,457242
2023,31,新竹縣,26.67964072,0.608206687,0.147220544,20.40909091,17.09063444,,,,,7164,1060,517,29.2488024,81.63173653,594641
2023,31,桃園市,31.04191617,0.80855615,0.255873702,20.46695652,20.33477509,,,,,26412,4563,1605,28.67889222,85.6257485,2338648
2023,31,澎湖縣,31.31736527,0.398192771,0.109698795,29.6313253,20.69277108,,,,,1145,143,62,29.7753012,80.8253012,107901
2023,31,臺中市,28.52215569,1.052179177,0.182563482,21.39806295,19.93909866,,,,,39887,10958,5496,28.81964072,82.06467066,2860601
2023,31,臺北市,32.09751925,0.640017361,0.324382022,18.28474281,17.10788758,,,,,29335,5983,3309,28.6411976,81.67185629,2490869
2023,31,臺南市,29.61027569,0.579123711,0.172589286,24.03647959,22.51522843,,,,,21057,3842,2184,29.59904618,81.21207585,1858651
2023,31,臺東縣,23.34431138,0.544036697,0.135714286,15.20454545,20.43768997,,,,,2387,621,329,29.18818182,73.76204819,210219
2023,31,花蓮縣,27.95209581,0.859393939,0.187030303,15.60909091,21.54545455,,,,,3666,764,491,29.30121212,75.71686747,315374
2023,31,苗栗縣,26.26546906,1.206490872,0.145283401,20.57148676,18.81212121,,,,,8970,953,526,28.21836327,82.78742515,532854
2023,31,連江縣,52.5508982,1.013333333,0.158666667,31.08181818,35.51829268,,,,,35,2,1,29.47090909,79.98192771,13950
2023,31,金門縣,55.61676647,1.560122699,0.210797546,35.30424242,26.76969697,,,,,1015,42,29,29.46666667,87.46987952,143601
2023,31,雲林縣,30.60329341,1.149240122,0.142,23.39802131,24.88163885,,,,,10191,1309,748,29.53569277,87.24401198,658427
2023,31,高雄市,36.89522919,0.96453517,0.200760402,24.67879368,27.9447619,,,,,33909,5210,2128,29.77884873,85.21894998,2731412
2023,32,南投縣,24.28343313,0.734538153,0.146646586,21.002,18.2751004,,,,,6668,1163,605,28.74101796,78.72055888,472299
2023,32,嘉義市,24.35542169,1.413939394,0.157939394,24.17090909,19.77575758,,,,,3810,796,320,28.82909091,85.24242424,262177
2023,32,嘉義縣,30.6006006,1.395076923,0.175981873,25.17904762,18.91743119,,,,,5787,658,347,29.21174699,86.22155689,478786
2023,32,基隆市,40.65868263,1.283832335,0.260179641,29.17185629,23.56626506,,,,,3979,662,387,30.15748503,81.5508982,361441
2023,32,宜蘭縣,37.25748503,0.895757576,0.225770393,26.78203593,21.0060241,,,,,6678,1321,842,30.21437126,74.93413174,449212
2023,32,屏東縣,33.01197605,0.476770186,0.138648975,22.26533333,26.72979493,,,,,11233,2075,893,28.80259481,90.62674651,789239
2023,32,彰化縣,34.34652278,1.036552567,0.152878229,25.85709046,23.40220049,,,,,17068,3321,1724,30.13972056,80.17365269,1225675
2023,32,新北市,38.79843173,0.945488722,0.312984658,27.43974778,24.16458733,,,,,59958,10083,3735,30.49703638,75.50667755,4047001
2023,32,新竹市,30.98802395,0.670731707,0.225301205,26.51445783,20.65060241,,,,,5652,1636,881,30.49939759,74.46987952,457242
2023,32,新竹縣,30.32930514,0.64691358,0.161192661,25.68769231,18.94832827,,,,,7677,1128,519,29.79221557,75.13772455,594641
2023,32,桃園市,35.534645,0.788059701,0.307586505,27.63475983,22.49451554,,,,,28118,5366,1808,29.84706587,77.58502994,2338648
2023,32,澎湖縣,30.85542169,0.338650307,0.140243902,27.48805031,21.58181818,,,,,1378,167,65,29.90963855,80.19277108,107901
2023,32,臺中市,30.5647482,0.993544458,0.183333333,26.89001218,20.87077295,,,,,43087,11938,5810,30.06664671,74.85808383,2860601
2023,32,臺北市,39.87339607,0.885429315,0.381040413,26.38931364,22.95484478,,,,,32088,6890,3931,29.85728543,74.59766182,2490869
2023,32,臺南市,28.48081535,0.747560976,0.19636253,20.33459196,19.95531401,,,,,21252,3821,2034,28.51526946,86.39321357,1858651
2023,32,臺東縣,25.1497006,0.460843373,0.152138554,20.25239521,16.68389058,,,,,2524,503,278,29.56526946,75.47305389,210219
2023,32,花蓮縣,34.67065868,0.943030303,0.181856287,27.49640719,20.6796875,,,,,3686,851,528,29.95628743,75.44311377,315374
2023,32,苗栗縣,29.2754491,1.2114,0.1581,29.1002,18.72690763,,,,,9369,1083,601,29.66127745,73.87025948,532854
2023,32,連江縣,55.74850299,0.889156627,0.200783133,45.58263473,27.35542169,,,,,30,5,4,29.08323353,83.32934132,13950
2023,32,金門縣,50.05988024,1.383850932,0.197329193,36.63037975,25.51807229,,,,,1176,33,18,28.90479042,90.54491018,143601
2023,32,雲林縣,28.01646707,0.945511811,0.159,24.87813953,20.87975647,,,,,9467,1466,852,30.04096806,82.40319361,658427
2023,32,高雄市,30.92910102,1.136829616,0.233590824,17.35258907,22.10193237,,,,,35086,5779,2128,28.7692388,90.93082018,2731412
2023,33,南投縣,26.27145709,0.742510121,0.176350806,17.64919679,17.18309859,,,,,6609,1246,608,27.17804391,84.98602794,472299
2023,33,嘉義市,25.71257485,1.275903614,0.172168675,23.18855422,17.40361446,,,,,4168,797,323,28.61137725,85.25748503,262177
2023,33,嘉義縣,28.87724551,1.463636364,0.209545455,23.92507645,18.23493976,,,,,6554,704,365,28.95239521,86.71257485,478786
2023,33,基隆市,33.64670659,0.963253012,0.288373494,22.53272727,20.85542169,,,,,4250,675,350,29.09520958,83.89221557,361441
2023,33,宜蘭縣,30.01197605,0.89246988,0.219909639,25.15933735,15.37349398,,,,,7431,1481,919,29.45748503,76.10179641,449212
2023,33,屏東縣,31.81556886,0.56675063,0.160277778,21.69695493,22.29227053,,,,,12653,2538,1011,27.86407186,92.83832335,789239
2023,33,彰化縣,31.93053892,1.16908867,0.186927785,25.09434889,20.10757946,,,,,17145,3449,1760,29.18418164,83.30738523,1225675
2023,33,新北市,36.35974205,1.026062588,0.345074419,23.77562908,21.32072762,,,,,65174,11122,3977,29.62072673,75.99020142,4047001
2023,33,新竹市,33.17964072,0.495679012,0.257090909,24.84787879,17.13333333,,,,,5911,1759,881,29.86024096,74.56024096,457242
2023,33,新竹縣,30.96706587,0.623312883,0.178429003,24.91559633,17.54682779,,,,,8201,1325,578,29.01107784,75.81137725,594641
2023,33,桃園市,34.60018051,0.990997096,0.32278658,26.24663551,19.83616384,,,,,29631,5936,1941,29.13952096,75.36127745,2338648
2023,33,澎湖縣,30.34131737,0.481818182,0.152848485,29.01210191,16.52121212,,,,,1452,177,48,29.60538922,80.4491018,107901
2023,33,臺中市,31.41796407,1.017690418,0.2309257,24.65423313,17.95157385,,,,,45019,12172,5830,28.61389222,80.44311377,2860601
2023,33,臺北市,36.80496151,0.847428073,0.4293172,22.03828671,19.05185185,,,,,33739,7365,3930,29.12125749,74.5962361,2490869
2023,33,臺南市,27.60359281,0.907393939,0.245937122,18.40656136,18.66021765,,,,,24776,4924,2356,28.04580838,86.72005988,1858651
2023,33,臺東縣,20.32335329,0.494117647,0.151609907,17.05263158,14.3447205,,,,,2607,519,277,28.8745509,77.69461078,210219
2023,33,花蓮縣,26.35928144,0.578181818,0.190542169,24.00180723,16.91666667,,,,,3753,875,480,28.91377246,78.10778443,315374
2023,33,苗栗縣,28.77844311,1.113306452,0.170482897,28.02937626,15.70281124,,,,,9779,1128,580,28.71457086,76.42714571,532854
2023,33,連江縣,45.84431138,0.851204819,0.219212121,43.46204819,16.63855422,,,,,63,7,7,28.09520958,84.41317365,13950
2023,33,金門縣,43.66467066,1.233540373,0.18552795,38.81851852,20.75757576,,,,,1327,51,23,28.96107784,90.5988024,143601
2023,33,雲林縣,28.75598802,1.030454545,0.181603631,24.41534954,19.1030303,,,,,10604,1712,946,29.57305389,83.42814371,658427
2023,33,高雄市,31.61676647,1.597841389,0.325518364,15.13294393,20.45111732,,,,,40308,7369,2290,27.8043141,91.99065505,2731412
2023,34,南投縣,26.17171717,0.813967611,0.150080808,22.4820202,16.39959432,,,,,6573,1168,553,28.09146341,82.16161616,472299
2023,34,嘉義市,24.59393939,1.296969697,0.147272727,24.88969697,12.3597561,,,,,3932,820,299,29.80670732,76.52121212,262177
2023,34,嘉義縣,26.32424242,1.572615385,0.16266055,22.73520249,14.57055215,,,,,6614,766,353,30.15792683,79.50909091,478786
2023,34,基隆市,29.2,0.703067485,0.254969325,20.70987654,16.06748466,,,,,4573,764,459,28.98343558,86.35365854,361441
2023,34,宜蘭縣,24.78484848,0.935849057,0.198140244,20.60426829,14.57798165,,,,,7856,1677,967,29.37835366,77.16363636,449212
2023,34,屏東縣,23.8569697,0.657601978,0.118443627,21.81785714,14.27960928,,,,,12712,3024,1110,29.74654472,82.18181818,789239
2023,34,彰化縣,25.94181818,1.404791155,0.157240537,23.51187271,17.54767726,,,,,16884,3472,1549,30.06737805,79.0969697,1225675
2023,34,新北市,33.2965035,1.12029822,0.339909567,21.92148642,19.29995254,,,,,67276,12088,4207,29.51290188,78.90192837,4047001
2023,34,新竹市,27.94545455,0.747272727,0.229757576,20.92727273,14.74390244,,,,,5869,2003,978,30.39146341,73.83636364,457242
2023,34,新竹縣,29.8969697,0.775987842,0.178666667,24.09909091,17.32621951,,,,,8307,1353,585,29.53567073,75.4030303,594641
2023,34,桃園市,30.40141557,1.27483871,0.320927625,22.01782077,18.21258134,,,,,30232,6407,2052,29.48107724,74.8240404,2338648
2023,34,澎湖縣,22.36969697,0.53030303,0.107151515,24.77169811,8.408536585,,,,,1413,153,59,30.37439024,76.4969697,107901
2023,34,臺中市,28.12079832,1.243369565,0.200590763,24.7795207,16.26100967,,,,,43758,12831,5965,29.64131098,77.28030303,2860601
2023,34,臺北市,32.95064935,0.819055944,0.396455256,20.44609991,18.78397213,,,,,34976,7839,3908,28.80863821,77.7997114,2490869
2023,34,臺南市,21.33980583,0.866248432,0.169298246,20.80325815,13.39245283,,,,,25549,5375,2430,29.89664634,75.63939394,1858651
2023,34,臺東縣,15.7030303,0.436615385,0.1224,14.484,11.63271605,,,,,2565,531,294,28.74877301,78.08787879,210219
2023,34,花蓮縣,20.41818182,0.514545455,0.153515152,18.36909091,16.3375,,,,,3850,926,576,29.38719512,77.8,315374
2023,34,苗栗縣,28.32121212,1.29979798,0.165090909,25.02222222,15.52738337,,,,,9305,1056,509,29.18597561,77.15959596,532854
2023,34,連江縣,35.53333333,0.846341463,0.144121212,33.72545455,12.59615385,,,,,41,5,4,28.49634146,84.72727273,13950
2023,34,金門縣,35.40606061,1.638216561,0.188726115,23.80700637,16.37804878,,,,,1351,52,36,28.75426829,91.75151515,143601
2023,34,雲林縣,23.35909091,1.258461538,0.139604262,21.47430769,14.08024691,,,,,10798,1685,959,30.24364837,80.23535354,658427
2023,34,高雄市,24.02237762,1.50037594,0.20424696,20.75761838,15.59266228,,,,,43949,9134,2602,29.93993441,80.52667585,2731412
2023,35,南投縣,38.28514056,0.883636364,0.187030303,26.73312883,21.05870445,,,,,6727,1380,712,28.73265766,80.2,472299
2023,35,嘉義市,36.84337349,1.130625,0.198518519,31.07469136,17.62962963,,,,,4248,986,357,29.11506849,81.95945946,262177
2023,35,嘉義縣,36.05421687,1.586706949,0.191117825,28.98810976,19.8969697,,,,,6691,800,356,29.77668919,81.94333333,478786
2023,35,基隆市,18.41566265,0.715757576,0.155151515,13.87757576,11.72121212,,,,,4306,697,427,29.38716216,86.32666667,361441
2023,35,宜蘭縣,18.64156627,0.996048632,0.176666667,12.2722561,12.41818182,,,,,8014,1797,998,29.38885135,78.95,449212
2023,35,屏東縣,29.05193237,0.588585608,0.140853659,23.2864799,16.04645477,,,,,12949,3104,1191,28.68468468,86.46888889,789239
2023,35,彰化縣,35.64337349,1.534835566,0.194421437,28.20755177,23.48,,,,,17927,3794,1803,30.14949324,79.52833333,1225675
2023,35,新北市,25.87442076,0.79852381,0.238939252,15.83769953,16.33457769,,,,,68449,12548,4194,29.95859439,78.86121212,4047001
2023,35,新竹市,25.8313253,0.655757576,0.194606061,19.32012195,14.58181818,,,,,6051,2350,1063,31.03716216,71.62,457242
2023,35,新竹縣,25.68674699,0.803647416,0.149969697,19.54090909,17.20723684,,,,,8968,1640,692,30.34560811,71.98,594641
2023,35,桃園市,26.84337349,1.240532242,0.249898785,17.83076142,17.19331984,,,,,31000,6872,2256,29.98783784,74.16888889,2338648
2023,35,澎湖縣,27.57831325,0.343636364,0.113878788,28.85487805,13.99393939,,,,,1395,113,53,30.14189189,78.42666667,107901
2023,35,臺中市,39.40301508,1.359978881,0.230326531,29.72080253,22.88133874,,,,,44789,13277,6202,29.69831081,78.279,2860601
2023,35,臺北市,22.49267873,0.754330709,0.253258232,13.2461338,13.44974003,,,,,36181,8946,4097,29.04808559,78.4752381,2490869
2023,35,臺南市,30.60869565,1.242540074,0.218819951,24.53564477,17.52798054,,,,,25307,6107,2859,29.26875,80.235,1858651
2023,35,臺東縣,12.74096386,0.597530864,0.112560976,11.660625,9.197568389,,,,,2595,639,270,27.9125,80.88666667,210219
2023,35,花蓮縣,16.13253012,0.573170732,0.148363636,12.11575758,14.4,,,,,3879,1063,642,28.91013514,79.52,315374
2023,35,苗栗縣,32.45783133,1.304259635,0.174957806,25.21115619,18.75506073,,,,,9647,1295,598,29.50405405,77.62222222,532854
2023,35,連江縣,40.57228916,0.686666667,0.155121951,42.2,24.04651163,,,,,47,6,5,28.89594595,80.79333333,13950
2023,35,金門縣,37.25903614,1.238125,0.1961875,33.53860759,18.95151515,,,,,1306,40,31,29.31283784,85.98,143601
2023,35,雲林縣,33.71837349,1.154351145,0.175378788,26.7332829,21.1198786,,,,,10975,1842,992,30.03564189,82.90166667,658427
2023,35,高雄市,33.13914657,1.729386991,0.27258774,22.93975678,20.60542309,,,,,44170,9473,2783,29.26052928,82.97055556,2731412
2023,36,南投縣,22.93413174,0.6742,0.18606,18.6336,11.75255624,,,,,6476,1291,676,26.53293413,91.37325349,472299
2023,36,嘉義市,27.06586826,1.104320988,0.198083832,25.4239521,9.733333333,,,,,4154,969,339,27.80598802,86.07784431,262177
2023,36,嘉義縣,27.06886228,1.454682779,0.194307229,25.67896341,13.79758308,,,,,6855,869,445,28.17035928,87.50299401,478786
2023,36,基隆市,26.65868263,0.638787879,0.186363636,24.50424242,15.57575758,,,,,4955,749,472,27.48083832,90.77245509,361441
2023,36,宜蘭縣,24.41317365,0.734055728,0.148584615,24.93425926,15.06990881,,,,,8338,1793,1051,26.97964072,86.20658683,449212
2023,36,屏東縣,24.95449102,0.492418773,0.130526961,23.46758703,13.75885559,,,,,11412,3016,1128,27.55419162,93.63972056,789239
2023,36,彰化縣,28.18083832,1.250544135,0.211103118,25.64016787,15.66625767,,,,,17367,3708,1787,28.14101796,86.76646707,1225675
2023,36,新北市,27.92261631,0.644688816,0.262241779,22.99148441,14.86264501,,,,,74454,14109,4449,28.09895663,82.05694066,4047001
2023,36,新竹市,24.37724551,0.5,0.258982036,21.36047904,11.27878788,,,,,6457,2566,1041,28.6239521,77.43712575,457242
2023,36,新竹縣,23.16467066,0.563190184,0.192969697,20.83608563,13.61746988,,,,,11366,1903,675,27.82844311,79.7005988,594641
2023,36,桃園市,25.75648703,1.140140845,0.310874873,20.97322677,14.05130785,,,,,33405,7390,2306,27.65878244,79.9491018,2338648
2023,36,澎湖縣,29.31137725,0.256886228,0.149036145,30.23952096,13.6626506,,,,,1331,103,44,28.85808383,81.82634731,107901
2023,36,臺中市,26.3752495,0.914242424,0.247573011,24.25120724,12.48189135,,,,,44342,12978,6227,27.65904192,86.05988024,2860601
2023,36,臺北市,27.57827203,0.689765828,0.281450777,21.43448873,13.84535187,,,,,39152,9906,4232,27.44714571,80.49515255,2490869
2023,36,臺南市,24.01437126,0.738396112,0.200606061,23.05261239,10.94565217,,,,,23242,6257,2926,27.32709581,88.68862275,1858651
2023,36,臺東縣,20.2754491,0.46552795,0.147297297,21.42335329,8.957055215,,,,,2471,572,303,26.47095808,91.10778443,210219
2023,36,花蓮縣,24.06586826,0.695808383,0.184371257,26.09341317,15.12650602,,,,,3755,1113,654,27.95688623,85.80838323,315374
2023,36,苗栗縣,22.86626747,1.15483871,0.193138833,23.27393939,12.92872117,,,,,10154,1522,700,27.20778443,82.34331337,532854
2023,36,連江縣,35.00598802,0.443712575,0.125921053,32.83592814,22.79518072,,,,,55,7,7,28.16526946,82.93413174,13950
2023,36,金門縣,28.91017964,1.108588957,0.176441718,29.06932515,15.46385542,,,,,1350,40,31,27.39580838,89.32335329,143601
2023,36,雲林縣,25.25149701,1.04244713,0.188217523,23.69550225,12.97121212,,,,,10975,1746,987,28.23443114,89.25598802,658427
2023,36,高雄市,24.74573929,1.85194618,0.249636792,19.83140965,14.39707271,,,,,40061,8509,2629,27.39704228,92.55410996,2731412
2023,37,南投縣,51.30139721,1.133400402,0.224758065,33.24607646,27.08249497,,,,,7394,1462,648,27.46686627,80.35129741,472299
2023,37,嘉義市,45.82634731,1.523125,0.225493827,34.75859873,18.16463415,,,,,4725,1042,390,27.82363636,80.15151515,262177
2023,37,嘉義縣,44.83233533,1.956626506,0.206656627,34.37781155,23.77039275,,,,,7346,917,435,28.26017964,79.32035928,478786
2023,37,基隆市,37.19760479,1.01402439,0.247878788,28.35243902,17.3373494,,,,,5886,1037,566,27.66167665,84.50299401,361441
2023,37,宜蘭縣,30.28742515,1.107317073,0.186808511,25.69015385,16.87650602,,,,,9605,2219,1157,28.28443114,72.30538922,449212
2023,37,屏東縣,34.0239521,0.686463415,0.145857843,28.17594168,16.35230024,,,,,13363,3479,1369,28.22285429,83.22654691,789239
2023,37,彰化縣,51.70778443,1.708933002,0.233590062,34.31344956,30.52970297,,,,,19310,4123,1919,28.50209581,80.01497006,1225675
2023,37,新北市,49.79732842,1.26562942,0.335909515,31.77434457,23.95067473,,,,,82523,15586,4771,28.61259753,73.36569286,4047001
2023,37,新竹市,52.1257485,0.979878049,0.308727273,34.27228916,24.7030303,,,,,7569,3141,1322,28.88922156,73.41317365,457242
2023,37,新竹縣,55.92814371,0.976,0.242018349,35.26533742,28.02416918,,,,,12587,2299,822,28.30149701,73.84730539,594641
2023,37,桃園市,53.412,1.606776181,0.370649087,31.83370445,27.84475806,,,,,37632,8945,2708,28.21806387,72.94411178,2338648
2023,37,澎湖縣,34.91616766,0.455279503,0.148545455,38.48867925,11.4453125,,,,,1513,139,41,28.82606061,77.91515152,107901
2023,37,臺中市,52.00499002,1.7809909,0.289161616,34.70927419,27.69145729,,,,,51568,14713,6787,28.44209581,73.09251497,2860601
2023,37,臺北市,46.32848589,1.21796875,0.365136324,31.85552632,22.61293103,,,,,44738,10949,4215,28.15768463,68.63145138,2490869
2023,37,臺南市,37.33053892,0.935636364,0.234758454,31.81233374,18.80923451,,,,,26751,7299,3229,27.9748503,77.14071856,1858651
2023,37,臺東縣,25.04790419,0.640662651,0.157259036,22.80662651,14.56927711,,,,,3326,774,423,27.6491018,73.38023952,210219
2023,37,花蓮縣,30.85628743,0.718787879,0.205575758,27.77804878,18.84939759,,,,,4297,1190,645,28.05421687,74.64457831,315374
2023,37,苗栗縣,47.84031936,1.678571429,0.22814664,32.48533605,24.87903226,,,,,11476,1754,686,27.649501,76.23552894,532854
2023,37,連江縣,43.39520958,0.796385542,0.152590361,43.75212121,17.6746988,,,,,56,3,1,28.40538922,76.41916168,13950
2023,37,金門縣,43.16766467,1.155151515,0.18769697,39.41463415,19.57228916,,,,,1749,53,42,28.51137725,82.96407186,143601
2023,37,雲林縣,48.41916168,1.583128834,0.20448855,32.92473118,26.83915023,,,,,11947,2033,1101,28.44311377,81.04391218,658427
2023,37,高雄市,36.07369876,1.601089531,0.258969412,28.56306818,21.08967772,,,,,46611,10449,2817,28.5244511,82.86127745,2731412
2023,38,南投縣,57.47105788,1.041448692,0.217915832,31.61649899,29.3722334,,,,,7492,1551,735,28.31057884,79.99600798,472299
2023,38,嘉義市,56.76646707,1.955487805,0.220792683,34.2,26.10240964,,,,,4911,1130,380,29.75449102,75.04191617,262177
2023,38,嘉義縣,50.66167665,1.790936556,0.175359281,31.65598802,29.80722892,,,,,7600,958,445,29.79101796,76.48203593,478786
2023,38,基隆市,23.26946108,0.962275449,0.179281437,18.95808383,11.42424242,,,,,6589,1190,638,29.23233533,82.21556886,361441
2023,38,宜蘭縣,19.03293413,1.098484848,0.175538922,15.78848485,10.50903614,,,,,9799,2109,1159,28.98862275,76.89520958,449212
2023,38,屏東縣,41.26107784,0.910666667,0.15406326,29.35582524,18.70566948,,,,,14259,3795,1367,29.35349301,80.37125749,789239
2023,38,彰化縣,51.55808383,1.811097708,0.21176259,29.27891566,30.52905569,,,,,20436,4395,2010,29.60199601,79.75998004,1225675
2023,38,新北市,35.34315983,0.984193246,0.281527002,21.62785047,16.89740019,,,,,86291,17103,5349,29.76336418,74.09471965,4047001
2023,38,新竹市,44.68263473,0.901818182,0.262545455,28.65923567,21.68072289,,,,,7874,3189,1259,30.15808383,73.91616766,457242
2023,38,新竹縣,51.32335329,0.966467066,0.212439759,28.86227545,23.43072289,,,,,13355,2385,937,29.53622754,73.72754491,594641
2023,38,桃園市,42.99100899,1.541212121,0.338971774,22.80915493,22.52060302,,,,,40145,9655,2931,29.41816367,74.26946108,2338648
2023,38,澎湖縣,30.21556886,0.441916168,0.111796407,32.32275449,12.08490566,,,,,1655,127,59,29.51077844,80.04790419,107901
2023,38,臺中市,49.87824351,1.677497477,0.27990982,29.62252252,26.93863179,,,,,53862,16004,7007,29.43413174,74.35628743,2860601
2023,38,臺北市,32.8314799,0.987370242,0.301074807,21.56596859,15.22231834,,,,,46499,10747,4288,29.14087824,70.85514685,2490869
2023,38,臺南市,43.18802395,1.004636591,0.209721886,29.52212817,23.83718104,,,,,28935,8313,3483,29.76312375,67.8248503,1858651
2023,38,臺東縣,13.94311377,0.489759036,0.114030303,12.63802395,9.73030303,,,,,3480,838,478,28.61347305,75.05988024,210219
2023,38,花蓮縣,17.37125749,0.506369427,0.1500625,14.15,12.54216867,,,,,4823,1300,760,28.95868263,77.31137725,315374
2023,38,苗栗縣,47.66467066,1.685282258,0.220321932,30.51891348,24,,,,,12152,2043,807,28.69700599,78.6007984,532854
2023,38,連江縣,36.38922156,0.774390244,0.142560976,33.76687117,16.97575758,,,,,78,12,9,29.01377246,78.34131737,13950
2023,38,金門縣,40.56287425,1.579393939,0.191090909,30.26987952,20.65662651,,,,,1987,66,50,29.86526946,81.35928144,143601
2023,38,雲林縣,50.53742515,1.643413174,0.177005988,29.10075415,29.14069592,,,,,12627,2167,1224,29.7005988,81.79640719,658427
2023,38,高雄市,42.87194841,1.764199255,0.250236002,29.75309159,24.97372126,,,,,49140,10937,2921,30.05981219,76.72609327,2731412
2023,39,南投縣,57.51405622,0.942020202,0.217656566,30.07829615,31.10707071,,,,,8004,1500,646,28.66987952,80.67068273,472299
2023,39,嘉義市,48.78313253,1.695151515,0.229575758,30.85802469,26.62424242,,,,,5167,1245,385,29.28313253,80.31325301,262177
2023,39,嘉義縣,46.30120482,1.862345679,0.206615854,29.76646341,30.16060606,,,,,7972,1096,526,29.82018072,79.01204819,478786
2023,39,基隆市,25.01807229,0.760365854,0.17902439,21.30121951,15.93292683,,,,,6484,1250,650,28.80903614,88.6626506,361441
2023,39,宜蘭縣,22.36746988,0.838905775,0.147963526,18.94151515,12.85714286,,,,,10092,2359,1193,28.70180723,78.49096386,449212
2023,39,屏東縣,33.29759036,0.766167291,0.159077307,25.13115578,17.75768758,,,,,13760,3551,1329,28.98172691,83.27811245,789239
2023,39,彰化縣,50.54698795,1.855272727,0.231915152,29.00717762,37.17804878,,,,,21576,4881,1941,29.86094378,81.69678715,1225675
2023,39,新北市,28.89341983,0.787658973,0.235799813,19.75917795,16.20807891,,,,,81969,16540,4835,29.74552756,76.57228916,4047001
2023,39,新竹市,30.54819277,0.775609756,0.214207317,22.11280488,16.35365854,,,,,7474,3123,1310,30.70963855,67.84939759,457242
2023,39,新竹縣,33.82831325,0.739513678,0.171787879,23.09545455,19.01515152,,,,,12365,2420,922,30.04789157,68.70180723,594641
2023,39,桃園市,26.94879518,1.113003096,0.250171891,20.36541962,17.41010101,,,,,38635,9984,2943,29.59829317,71.64056225,2338648
2023,39,澎湖縣,34.91566265,0.540606061,0.144666667,31.33292683,18.88484848,,,,,2035,109,40,29.8746988,78.69879518,107901
2023,39,臺中市,52.48795181,1.312778905,0.264833165,31.0652834,31.27171717,,,,,55031,17144,7444,29.49228916,77.24578313,2860601
2023,39,臺北市,28.61273666,0.803188663,0.226701389,17.80391986,14.65337955,,,,,43479,9882,4050,28.7938755,76.24956971,2490869
2023,39,臺南市,42.32771084,0.811070111,0.222509091,27.53520097,26.21680877,,,,,28667,8425,3639,29.4563253,77.79066265,1858651
2023,39,臺東縣,18.63554217,0.567378049,0.12530303,17.53343465,14.43636364,,,,,3435,801,394,28.97666667,70.53012048,210219
2023,39,花蓮縣,19.6686747,0.619393939,0.181090909,18.30363636,15.65853659,,,,,4799,1229,697,29.15481928,75.1686747,315374
2023,39,苗栗縣,38.42971888,1.574343434,0.221171717,24.76815416,22.90707071,,,,,11819,2341,848,28.95333333,76.92168675,532854
2023,39,連江縣,41.06024096,0.607272727,0.177621951,44.39393939,18.87878788,,,,,53,6,3,28.6060241,78.06024096,13950
2023,39,金門縣,39.8253012,1.44601227,0.222909091,36.22545455,23.42682927,,,,,1935,121,98,30.29518072,74.30722892,143601
2023,39,雲林縣,45.40662651,1.4304414,0.200409091,27.80864947,31.3484375,,,,,13271,2238,1287,29.95512048,82.70933735,658427
2023,39,高雄市,39.42466389,1.291194379,0.24428972,25.98505155,24.01168224,,,,,47749,9941,2723,29.82170044,81.47389558,2731412
2023,40,南投縣,44.30339321,0.835613682,0.240582329,31.98407258,28.48289738,,,,,9436,1875,846,27.65449102,79.9261477,472299
2023,40,嘉義市,56.1257485,1.611445783,0.284670659,37.29207317,39.15060241,,,,,6224,1368,425,27.87784431,81.19161677,262177
2023,40,嘉義縣,56.31437126,1.64295302,0.228993289,39.65387205,58.65646259,,,,,9506,1233,592,27.81497006,81.57185629,478786
2023,40,基隆市,37.68263473,0.653164557,0.233354037,37.790625,24.92638037,,,,,7144,1375,748,26.69700599,92.68263473,361441
2023,40,宜蘭縣,30.97904192,0.819148936,0.206586103,31.65227964,17.4625,,,,,10151,2312,1283,27.17185629,83.36826347,449212
2023,40,屏東縣,39.48862275,0.597131682,0.210896104,32.89494819,27.25721785,,,,,16284,3800,1466,28.49471058,83.55489022,789239
2023,40,彰化縣,50.13772455,1.421757322,0.256613966,38.5234127,45.47587131,,,,,23029,4705,2085,27.74041916,82.58383234,1225675
2023,40,新北市,41.03454629,0.617423888,0.328536925,33.0628331,24.80718954,,,,,91219,16426,5160,27.03669479,85.6095264,4047001
2023,40,新竹市,38.7245509,0.581437126,0.252754491,37.58614458,21.57228916,,,,,8192,3212,1575,27.56287425,80.61077844,457242
2023,40,新竹縣,39.9491018,0.607807808,0.204474474,36.83592814,22.02108434,,,,,12031,2029,965,27.12155689,80.66766467,594641
2023,40,桃園市,36.9740519,0.893382353,0.310908142,34.99896694,23.87954309,,,,,42139,9434,3083,26.49502994,85.87764471,2338648
2023,40,澎湖縣,49.93413174,0.35,0.173950617,51.03072289,29.80120482,,,,,2030,129,67,27.78622754,76.43113772,107901
2023,40,臺中市,42.63473054,0.990575916,0.247112887,36.49577889,27.19576186,,,,,58688,16646,7878,27.29568862,78.93652695,2860601
2023,40,臺北市,39.18477331,0.681458699,0.359594828,30.99939499,19.27029361,,,,,49648,10247,4710,26.35654691,84.8905047,2490869
2023,40,臺南市,50.37964072,0.828327228,0.261021898,34.87727825,39.48609432,,,,,32850,7392,3014,27.8242515,80.46556886,1858651
2023,40,臺東縣,31.79640719,0.623867069,0.188532934,29.57874251,23.9305136,,,,,3466,804,367,27.21676647,79.06586826,210219
2023,40,花蓮縣,30.05389222,0.548192771,0.223233533,29.98742515,24.58433735,,,,,5246,1197,680,27.82095808,81.09580838,315374
2023,40,苗栗縣,35.00199601,1.318722467,0.220997831,36.46739606,21.0944206,,,,,13828,2031,816,26.73053892,81.49001996,532854
2023,40,連江縣,52.32335329,0.589820359,0.191656442,52.13652695,24.84939759,,,,,69,12,12,25.37964072,70.52095808,13950
2023,40,金門縣,56.73652695,1.44251497,0.282874251,50.69700599,32.61445783,,,,,2049,100,88,27.55988024,71.31137725,143601
2023,40,雲林縣,52.00149701,1.295017182,0.226324786,38.50128411,52.76065574,,,,,15822,2383,1240,28.04795409,82.98403194,658427
2023,40,高雄市,43.18470751,1.414950166,0.29403385,32.05974516,32.30122757,,,,,52042,9364,2865,28.43702141,81.00108873,2731412
2023,41,南投縣,44.19361277,0.925656566,0.256967871,31.91971831,25.13131313,,,,,8709,1770,843,26.4744511,81.45508982,472299
2023,41,嘉義市,56.62874251,1.895783133,0.297650602,38.34969697,33.71515152,,,,,5680,1075,424,27.23233533,77.58083832,262177
2023,41,嘉義縣,46.39520958,1.604304636,0.252939297,42.1399361,35.52547771,,,,,8959,1013,497,26.91227545,76.17964072,478786
2023,41,基隆市,44.46107784,0.685185185,0.225214724,47.08902439,20.81818182,,,,,6251,1165,651,24.43433735,90.8373494,361441
2023,41,宜蘭縣,36.10179641,0.870769231,0.19445122,39.54707692,13.25757576,,,,,8687,1695,983,24.70508982,86.4251497,449212
2023,41,屏東縣,40.88862275,0.931177232,0.214020752,36.42486979,25.07010582,,,,,15270,3146,1318,27.57854291,78.36826347,789239
2023,41,彰化縣,41.01796407,1.482527881,0.26480344,41.39888337,28.55842558,,,,,21729,4188,1894,26.42964072,81.10179641,1225675
2023,41,新北市,42.26163058,0.71740566,0.30005133,42.31546729,22.47143521,,,,,81646,13531,4551,25.01756941,82.2405734,4047001
2023,41,新竹市,40.5748503,0.995783133,0.265060241,44.29518072,17.54216867,,,,,7113,2366,1240,25.64311377,77.76047904,457242
2023,41,新竹縣,41.43712575,0.704518072,0.209757576,44.74380665,18.26807229,,,,,10409,1758,793,25.11946108,78.45808383,594641
2023,41,桃園市,40.56786427,1.145696721,0.306292929,42.18297872,20.73138833,,,,,37128,7439,2257,24.54944112,82.92055888,2338648
2023,41,澎湖縣,53.56287425,0.25,0.185240964,54.80182927,19.6,,,,,1722,136,79,26.82814371,74.08383234,107901
2023,41,臺中市,38.17664671,1.1376931,0.245949239,38.86285714,18.96453901,,,,,52068,13675,7040,26.01086826,76.04730539,2860601
2023,41,臺北市,40.27288281,0.710567686,0.304658009,40.11331593,17.58671268,,,,,41230,8061,3424,24.31646707,80.76432849,2490869
2023,41,臺南市,51.96766467,1.304726368,0.288178439,37.94454094,36.94678218,,,,,29459,6710,3066,27.50738523,76.1511976,1858651
2023,41,臺東縣,27.37724551,0.603030303,0.173242424,29.07889908,13.47878788,,,,,3281,678,329,25.94251497,78.73353293,210219
2023,41,花蓮縣,29.77844311,0.701818182,0.239216867,31.87575758,15.6969697,,,,,4719,1213,677,25.6760479,85.17964072,315374
2023,41,苗栗縣,39.43313373,1.447628866,0.21902439,42.87151515,17.14889336,,,,,11369,1520,695,24.65538922,80.53692615,532854
2023,41,連江縣,54.61676647,0.724848485,0.197834395,52.92831325,21.22424242,,,,,60,14,10,23.07305389,70.88023952,13950
2023,41,金門縣,52.15568862,1.247878788,0.298,51.08727273,21.36144578,,,,,1555,103,91,24.96047904,75.92215569,143601
2023,41,雲林縣,45.65718563,1.534656489,0.260364501,41.5047041,32.30362538,,,,,14865,2078,1078,26.94056886,79.0508982,658427
2023,41,高雄市,55.0161216,1.738748833,0.321768264,38.20593181,36.73941368,,,,,47671,8025,2694,28.24234259,80.14845763,2731412
2023,42,南投縣,76.5988024,1.076612903,0.364468938,32.97851406,39.5472837,,,,,8982,1741,783,25.5003992,79.94810379,472299
2023,42,嘉義市,94.53293413,2.428742515,0.444491018,38.70299401,54.04216867,,,,,5749,1038,433,26.06586826,75.4251497,262177
2023,42,嘉義縣,76.85329341,2.319620253,0.347192429,46.40754717,53.52201258,,,,,9186,989,494,25.79550898,74.10479042,478786
2023,42,基隆市,66.82634731,1.047904192,0.321987952,51.26826347,28.68072289,,,,,6165,1168,654,24.6748503,81.9760479,361441
2023,42,宜蘭縣,53.41916168,0.787707641,0.287717718,41.73647416,25.96686747,,,,,9391,1772,1064,24.19311377,80.33532934,449212
2023,42,屏東縣,75.77125749,1.135151515,0.320749698,47.90327273,35.72309553,,,,,15804,3296,1350,26.56646707,79.70259481,789239
2023,42,彰化縣,78.28023952,1.911576355,0.377024096,47.90449029,49.45153374,,,,,21154,3803,1736,25.6488523,77.98403194,1225675
2023,42,新北市,71.19438047,0.89066793,0.39424285,49.81910377,32.77423888,,,,,82541,12295,4574,25.27724551,71.19869352,4047001
2023,42,新竹市,80.62874251,1.153293413,0.380958084,55.8994012,31.3373494,,,,,7178,2234,1258,25.63473054,70.38323353,457242
2023,42,新竹縣,82.17065868,1.066366366,0.323742515,54.66467066,34.78012048,,,,,10477,1710,793,24.99461078,70.81736527,594641
2023,42,桃園市,78.23353293,1.502831143,0.433991976,52.91571572,37.6201005,,,,,38160,7109,2395,24.76586826,71.91616766,2338648
2023,42,澎湖縣,87.82035928,0.418562874,0.254790419,65.28383234,32.01408451,,,,,1476,125,78,26.22814371,72.4491018,107901
2023,42,臺中市,79.53992016,1.623647295,0.396813187,43.61128871,43.20281124,,,,,54615,13533,7221,25.3047006,72.16736527,2860601
2023,42,臺北市,68.04961506,0.935051546,0.408407534,48.55972579,30.08275862,,,,,45673,9128,4466,24.5740519,68.79897348,2490869
2023,42,臺南市,88.61556886,1.690853659,0.415804878,37.91873479,56.28969697,,,,,30080,6504,3145,26.38847305,74.00998004,1858651
2023,42,臺東縣,39.9760479,0.785670732,0.262492492,38.24191617,24.69879518,,,,,3391,672,311,24.5991018,74.55688623,210219
2023,42,花蓮縣,48.82634731,0.961538462,0.330958084,37.07515152,27.41212121,,,,,5016,1198,699,24.63173653,79.74850299,315374
2023,42,苗栗縣,74.95808383,1.718864097,0.336024096,50.4064,34.31589537,,,,,11486,1548,659,24.350499,75.19560878,532854
2023,42,連江縣,93.91017964,1.109815951,0.312578616,64.56459627,37.34756098,,,,,58,11,9,23.35688623,68.31736527,13950
2023,42,金門縣,104.1017964,1.989759036,0.392155689,62.77065868,51.07878788,,,,,1549,75,59,24.63772455,72.50898204,143601
2023,42,雲林縣,80.86526946,1.963540091,0.346841317,48.09834586,49.93222892,,,,,14375,1908,979,25.96706587,75.69461078,658427
2023,42,高雄市,81.97835099,1.754952381,0.453420057,39.66504027,50.39453861,,,,,49300,7703,2788,27.47440573,76.25217746,2731412
2023,43,南投縣,83.04222222,1.136507937,0.336846847,36.09709172,44.71910112,,,,,9131,1743,869,26.01622222,80.37111111,472299
2023,43,嘉義市,79.99333333,2.108053691,0.332751678,41.95771812,48.75167785,,,,,5684,943,379,26.79,78.41333333,262177
2023,43,嘉義縣,68.13666667,2.320748299,0.276542373,39.21047297,48.17006803,,,,,9276,911,438,26.50533333,78.9,478786
2023,43,基隆市,31.67333333,0.831972789,0.252162162,31.53758389,14.93959732,,,,,6030,1128,534,24.124,91.26,361441
2023,43,宜蘭縣,29.41333333,1.070608108,0.193489933,30.61081081,14,,,,,9120,1921,1193,23.85566667,87.4,449212
2023,43,屏東縣,51.67466667,0.946612466,0.221511471,40.96164199,25.7983871,,,,,15319,3294,1339,27.06666667,79.39444444,789239
2023,43,彰化縣,64.47466667,2.117391304,0.346048714,32.75427408,45.83355705,,,,,21337,3875,1721,26.06038889,84.15611111,1225675
2023,43,新北市,35.22410256,0.813610089,0.293582555,32.8049922,17.26383859,,,,,81027,11453,4290,24.95924747,78.70042424,4047001
2023,43,新竹市,38.38666667,1.056462585,0.296598639,32.31418919,16.75167785,,,,,6932,2314,1232,25.77666667,75.36666667,457242
2023,43,新竹縣,41.53333333,0.86779661,0.242060811,32.61111111,19.66442953,,,,,10683,1666,727,25.146,75.78,594641
2023,43,桃園市,34.75,1.308783784,0.331580717,32.50101351,17.43337066,,,,,38174,7116,2387,24.719,77.34777778,2338648
2023,43,澎湖縣,41.84,0.427516779,0.161486486,45.51946309,12.16666667,,,,,1510,81,51,26.482,75.83333333,107901
2023,43,臺中市,66.41,1.590529876,0.369505618,32.59977324,38.85554311,,,,,53620,13019,6947,25.8767,78.97333333,2860601
2023,43,臺北市,35.52285714,0.981213873,0.299115385,31.27536092,16.24350337,,,,,43852,8571,4279,24.207,77.65809524,2490869
2023,43,臺南市,67.96666667,1.407201087,0.295962315,40.88527027,46.1827957,,,,,29884,6517,3024,27.20133333,76.40388889,1858651
2023,43,臺東縣,28.42,0.530555556,0.175426621,31.52422145,12.05743243,,,,,3410,855,377,25.21566667,78.05333333,210219
2023,43,花蓮縣,29.50666667,0.503125,0.251351351,31.14594595,15.82432432,,,,,4704,1098,690,24.494,87.06666667,315374
2023,43,苗栗縣,44.92222222,1.589545455,0.288468468,30.3463964,24.38116592,,,,,11107,1528,692,24.60177778,82.13333333,532854
2023,43,連江縣,45.34666667,0.877181208,0.204344828,45.51208054,21.53020134,,,,,67,12,10,22.67333333,75.96,13950
2023,43,金門縣,50.41333333,1.947945205,0.273129252,41.72993197,29.22818792,,,,,1552,59,53,24.598,76.83333333,143601
2023,43,雲林縣,65.85333333,1.807758621,0.289830508,35.67576792,46.12310287,,,,,14352,2160,1111,26.42533333,83.405,658427
2023,43,高雄市,62.44051282,1.501674516,0.330427083,41.30313972,39.96313603,,,,,49493,7267,2639,27.8029596,76.62035354,2731412
2023,44,南投縣,66.68662675,1.176626016,0.299560878,33.41563126,34,,,,,9713,1687,888,25.0243513,77.19760479,472299
2023,44,嘉義市,71.44311377,2.415568862,0.32754491,38.20179641,42.91566265,,,,,6181,877,326,26.06586826,75.28143713,262177
2023,44,嘉義縣,61.67065868,2.127245509,0.265359281,35.95329341,43.48493976,,,,,9648,1035,532,25.58682635,77.9251497,478786
2023,44,基隆市,28.48502994,0.806024096,0.279698795,26.87844311,13.30722892,,,,,6444,973,439,23.98562874,90.96407186,361441
2023,44,宜蘭縣,26.71257485,1.02879257,0.204730539,26.06766467,15.42771084,,,,,10337,2175,1293,23.61287425,87.33832335,449212
2023,44,屏東縣,59.64790419,1.178606965,0.234331683,45.0317284,29.25770654,,,,,16289,3269,1355,26.15169661,74.29540918,789239
2023,44,彰化縣,53.10179641,1.97905569,0.30692029,32.14041262,38.49939394,,,,,22228,3846,1909,25.35384232,83.43213573,1225675
2023,44,新北市,37.72501152,1.012239221,0.335064755,31.4805915,19.51530612,,,,,88139,12484,4617,24.94236527,77.07457812,4047001
2023,44,新竹市,42.14371257,1.091515152,0.304156627,34.12424242,19.0060241,,,,,8256,2702,1272,25.24311377,75.03592814,457242
2023,44,新竹縣,44.40718563,0.823123123,0.236126126,34.28862275,20.90662651,,,,,12768,2049,897,24.55988024,75.62275449,594641
2023,44,桃園市,44.98203593,1.350861196,0.359466264,34.21975928,23.64221106,,,,,42500,7644,2609,24.48083832,77.59680639,2338648
2023,44,澎湖縣,40.53892216,0.525,0.154407895,48.32565789,14.25827815,,,,,1589,105,68,26.03092105,74.98026316,107901
2023,44,臺中市,50.84331337,1.351987768,0.321234818,30.27487335,30.49697581,,,,,58131,13354,6965,25.06676647,76.70389222,2860601
2023,44,臺北市,38.5774166,1.019357639,0.344357204,31.00216638,17.3402418,,,,,47845,9281,4564,24.33473054,75.22497861,2490869
2023,44,臺南市,64.60718563,1.408433735,0.296923077,36.22616708,43.6723301,,,,,31265,6421,3162,26.35553892,75.1991018,1858651
2023,44,臺東縣,26.5748503,0.693957704,0.167634731,27.59161677,15.46827795,,,,,3784,881,415,24.66107784,73.53592814,210219
2023,44,花蓮縣,26.85628743,0.735542169,0.230778443,27.26886228,15.96385542,,,,,5273,1090,647,24.44071856,81.71257485,315374
2023,44,苗栗縣,37.94610778,1.401405622,0.245636364,31.53707415,21.14688129,,,,,12180,1587,721,23.79141717,80.74051896,532854
2023,44,連江縣,47.05988024,1.11257485,0.205398773,48.15853659,23.54545455,,,,,53,20,5,23.2011976,74.50299401,13950
2023,44,金門縣,61.83233533,2.132934132,0.273592814,47.5988024,37,,,,,1734,63,48,24.31017964,73.25149701,143601
2023,44,雲林縣,57.1991018,1.741628959,0.266216216,34.9495509,40.71752266,,,,,15580,2280,1155,25.67874251,81.1242515,658427
2023,44,高雄市,69.0027637,1.834867503,0.354562702,41.71189815,41.96844548,,,,,53040,7004,2752,27.03896298,74.38450372,2731412
2023,45,南投縣,71.62674651,1.218383838,0.328828283,33.85887097,37.64777328,,,,,9708,1666,973,25.58283433,75.71457086,472299
2023,45,嘉義市,81.36526946,2.535757576,0.374727273,39.47108434,50.89759036,,,,,6156,1075,433,26.57305389,72.52095808,262177
2023,45,嘉義縣,75.93113772,2.15873494,0.315572289,38.00240964,53.93072289,,,,,9477,956,536,26.03622754,76.31437126,478786
2023,45,基隆市,40.51497006,0.954819277,0.28,36.56626506,21.43975904,,,,,6847,1231,714,24.65508982,84.86826347,361441
2023,45,宜蘭縣,37.69760479,0.76899696,0.246153846,31.20030395,21.07228916,,,,,10425,2254,1356,24.57335329,81.63173653,449212
2023,45,屏東縣,69.70538922,1.237393423,0.271020656,44.81144578,37.65375303,,,,,16526,3275,1526,26.6748503,74.51397206,789239
2023,45,彰化縣,66.10299401,1.8547763,0.354535585,36.20834341,47.46079614,,,,,23583,3895,2037,25.67769461,81.70359281,1225675
2023,45,新北市,46.77660064,1.045164319,0.376428237,34.13970107,26.81573987,,,,,92950,12871,4901,25.09412539,74.26075122,4047001
2023,45,新竹市,51.2994012,1.147272727,0.348975904,34.65180723,26.39759036,,,,,8385,2939,1334,25.29281437,74.4491018,457242
2023,45,新竹縣,57.37724551,0.946504559,0.2775,36.48429003,26.52710843,,,,,13996,2230,1051,24.8491018,73.96107784,594641
2023,45,桃園市,51.96906188,1.433502024,0.390923695,34.72088353,29.93655589,,,,,44401,7943,2956,24.64441118,75.21956088,2338648
2023,45,澎湖縣,50.73652695,0.493373494,0.203915663,49.8652439,20.7030303,,,,,1712,107,63,26.22035928,74.5988024,107901
2023,45,臺中市,62.62874251,1.585408163,0.366367347,35.1977459,37.24123711,,,,,61540,13404,7367,25.67593812,74.29780439,2860601
2023,45,臺北市,47.26261762,0.998961039,0.398334771,32.99644714,23.65502183,,,,,50804,9398,4696,24.53688623,72.39520958,2490869
2023,45,臺南市,76.96047904,1.572949816,0.377036585,37.13943489,50.76799007,,,,,32302,6896,3838,26.85459082,73.36926148,1858651
2023,45,臺東縣,27.70658683,0.64847561,0.195137615,27.25092593,22.06042296,,,,,3869,942,435,25.41886228,74.01197605,210219
2023,45,花蓮縣,32.48502994,1.027272727,0.241746988,30.32590361,21.19879518,,,,,5609,1250,705,25.38922156,79.66467066,315374
2023,45,苗栗縣,49.47904192,1.607099391,0.288808081,37.93151515,27.32730924,,,,,13231,1528,746,24.02904192,76.57684631,532854
2023,45,連江縣,49.05988024,1.348795181,0.281604938,41.93212121,30.37951807,,,,,92,38,14,22.28862275,74.26946108,13950
2023,45,金門縣,76.64071856,1.652727273,0.331090909,48.45272727,43.74096386,,,,,1766,49,40,24.30598802,79.1497006,143601
2023,45,雲林縣,71.22904192,1.831866464,0.304984848,37.65631659,51.81268882,,,,,15652,2182,1298,26.06197605,79.51696607,658427
2023,45,高雄市,81.95578075,2.049696687,0.402596198,42.83258845,52.38793503,,,,,55733,7301,2997,27.6724687,74.69161677,2731412
2023,46,南投縣,51.40828402,1.218236473,0.313608871,29.3582,31.72908367,,,,,10925,1497,898,21.33692615,73.45708583,472299
2023,46,嘉義市,61.36686391,2.581065089,0.332754491,34.6,44.16071429,,,,,6670,896,413,21.9988024,65.08383234,262177
2023,46,嘉義縣,54.90532544,2.342686567,0.281856287,36.78006042,49.61607143,,,,,10291,928,520,21.46437126,66.71556886,478786
2023,46,基隆市,42.49704142,0.8224,0.269817073,35.44512195,23.95731707,,,,,6636,1041,678,18.59281437,88.7005988,361441
2023,46,宜蘭縣,37.8816568,0.807738095,0.213224852,35.72337278,18.24923077,,,,,10916,2084,1319,18.92095808,83.43712575,449212
2023,46,屏東縣,59.8556213,1.69202381,0.299739336,40.87313609,38.96428571,,,,,16884,3031,1474,23.49660679,70.34331337,789239
2023,46,彰化縣,44.91005917,1.581904762,0.287401669,34.47547393,38.66984505,,,,,25037,3673,2045,21.23812375,71.95808383,1225675
2023,46,新北市,42.87073282,0.97456382,0.330612711,32.71375686,28.5360257,,,,,96148,12108,4775,19.12709036,77.19118127,4047001
2023,46,新竹市,40.8816568,1.264285714,0.281746988,36.0186747,22.79761905,,,,,8508,2669,1311,19.88922156,72.47904192,457242
2023,46,新竹縣,41.09171598,0.841964286,0.231458333,35.65074627,22.90149254,,,,,14244,1884,975,19.23023952,74.81137725,594641
2023,46,桃園市,42.36982249,1.243832824,0.321352705,32.87137097,27.61668322,,,,,46866,6864,2791,18.75028942,77.72085828,2338648
2023,46,澎湖縣,44.79289941,0.621556886,0.198242424,46.30946746,22.59281437,,,,,1782,79,48,22.4251497,67.52095808,107901
2023,46,臺中市,43.50887574,1.368358209,0.286363636,33.83806194,31.20916335,,,,,64628,13299,7800,21.07107784,68.84421158,2860601
2023,46,臺北市,43.97295013,0.939536878,0.358470688,30.90315431,24.89189189,,,,,52758,8832,4739,18.29822355,77.82820074,2490869
2023,46,臺南市,55.2887574,1.493090909,0.324921969,35.6031401,46.08851675,,,,,33413,6661,3788,22.25329341,63.94311377,1858651
2023,46,臺東縣,34.53550296,0.749107143,0.222492582,34.60296736,23.83832335,,,,,3925,936,373,21.50329341,71.83233533,210219
2023,46,花蓮縣,36.71597633,0.898802395,0.287916667,35.14880952,23.0952381,,,,,5686,1170,670,21.26204819,76.37951807,315374
2023,46,苗栗縣,39.16765286,1.56039604,0.249038076,36.07841584,24.4265873,,,,,13755,1473,764,18.99710579,74.24151697,532854
2023,46,連江縣,53.47928994,1.081065089,0.272048193,43.69467456,36.88690476,,,,,49,40,19,17.11377246,60.24683544,13950
2023,46,金門縣,52.59171598,1.743195266,0.294201183,39.66508876,39.02380952,,,,,2054,44,36,19.41437126,59.96875,143601
2023,46,雲林縣,55.03550296,1.792113095,0.283229167,36.09016393,48.877429,,,,,16472,2001,1266,21.5489022,69.23253493,658427
2023,46,高雄市,61.46153846,2.071790152,0.400004593,35.53919853,49.24059452,,,,,59446,6719,2918,23.84558156,66.75607875,2731412
2023,47,南投縣,74.71457086,1.251004016,0.332409639,36.28192771,40.73185484,,,,,11952,1499,958,20.21596806,71.499002,472299
2023,47,嘉義市,80.15568862,2.151204819,0.339638554,39.78795181,49.76506024,,,,,7376,886,419,21.90598802,64.46706587,262177
2023,47,嘉義縣,78.51197605,2.250764526,0.303393939,36.4795107,56.86445783,,,,,11278,1075,583,21.3245509,72.55988024,478786
2023,47,基隆市,41.06586826,1.987951807,0.28126506,33.58181818,24.03614458,,,,,7364,1258,801,20.55808383,84.1257485,361441
2023,47,宜蘭縣,35.43413174,0.914329268,0.210454545,32.42477341,18.88855422,,,,,12197,2009,1237,20.71856287,77.84131737,449212
2023,47,屏東縣,64.13293413,1.379874214,0.241108374,46.44939024,38.80929095,,,,,17900,2808,1370,22.46067864,64.42315369,789239
2023,47,彰化縣,68.2742515,1.876847291,0.339200969,34.8486618,47.6541717,,,,,28315,3817,2241,21.26362275,73.98353293,1225675
2023,47,新北市,44.79502533,1.089369708,0.319107059,34.27933614,28.56983759,,,,,107611,12674,4947,21.33446743,69.61077844,4047001
2023,47,新竹市,46.16766467,1.254268293,0.30630303,34.02787879,25.43636364,,,,,9865,2748,1382,21.21017964,69.46107784,457242
2023,47,新竹縣,49.66167665,1.098787879,0.238851964,36.21030303,26.99698795,,,,,17046,2047,1082,20.61946108,69.26646707,594641
2023,47,桃園市,44.95508982,1.618927126,0.333592331,33.99848178,30.39959839,,,,,52776,7449,3140,20.77095808,70.0489022,2338648
2023,47,澎湖縣,55.67065868,0.721818182,0.184457831,53.13878788,24.55757576,,,,,2109,102,76,22.90838323,70.49101796,107901
2023,47,臺中市,66.05788423,1.488742394,0.348868687,35.50715005,39.03714859,,,,,73671,13327,7967,21.19167665,70.54131737,2860601
2023,47,臺北市,46.59709153,1.164675325,0.316299827,33.13359443,27.28423773,,,,,59716,9163,4802,20.41702595,70.27416595,2490869
2023,47,臺南市,76.22874251,1.485203453,0.360449029,36.6272175,50.73614458,,,,,36694,6788,4011,21.77859281,67.9491018,1858651
2023,47,臺東縣,33.65868263,0.652870091,0.177325228,33.28851964,24.82228916,,,,,4370,846,404,21.5991018,62.95508982,210219
2023,47,花蓮縣,35.58682635,0.830674847,0.229393939,33.75853659,22.93292683,,,,,6307,1289,684,22.03053892,64.92215569,315374
2023,47,苗栗縣,52.59680639,1.611515152,0.269133065,35.58568548,29.69574037,,,,,15629,1592,824,19.61477046,74.89421158,532854
2023,47,連江縣,71.95209581,1.498795181,0.297650602,52.77926829,42.29268293,,,,,58,34,24,18.53952096,65.76047904,13950
2023,47,金門縣,71.91616766,1.964417178,0.309509202,47.04846626,51.34545455,,,,,2413,55,41,19.78554217,64.92168675,143601
2023,47,雲林縣,75.56437126,1.878995434,0.30586727,36.54567527,53.15137615,,,,,18080,1834,1220,21.43592814,72.5748503,658427
2023,47,高雄市,74.86043298,2.122991175,0.388782201,41.29302326,51.80752941,,,,,65712,6609,3057,23.07624297,64.31673018,2731412
2023,48,南投縣,63.36127745,1.139959839,0.335449102,27.32877264,35.02012072,,,,,11965,1516,1028,22.01177645,77.8762475,472299
2023,48,嘉義市,74.90419162,2.337951807,0.357409639,31.1753012,48.77108434,,,,,7513,941,444,22.63532934,71.28742515,262177
2023,48,嘉義縣,62.11976048,2.410876133,0.305120482,34.88753799,47.77710843,,,,,10978,1011,594,22.11497006,75.05688623,478786
2023,48,基隆市,46.56886228,1.437748344,0.296242424,37.20662651,29.84756098,,,,,7440,1263,853,19.85389222,87.79041916,361441
2023,48,宜蘭縣,40.75149701,0.753776435,0.253111782,36.42507645,23.23287671,,,,,11970,2188,1477,19.80688623,87.05688623,449212
2023,48,屏東縣,73.88383234,1.64842233,0.303710462,44.37970838,46.35386473,,,,,18162,2841,1558,23.91057884,70.05489022,789239
2023,48,彰化縣,55.46826347,1.73007335,0.3255716,34.66251497,41.80481928,,,,,28819,3773,2346,22.00374251,77.23802395,1225675
2023,48,新北市,48.4491018,0.902019728,0.360907828,35.07687674,32.54249884,,,,,107118,13112,5574,20.30776629,79.06750136,4047001
2023,48,新竹市,46.52694611,1.320359281,0.298493976,37.54216867,24.55421687,,,,,9625,2889,1527,21.23353293,73.48192771,457242
2023,48,新竹縣,46.7005988,0.925617284,0.241661631,37.02259036,24.18181818,,,,,17036,2427,1303,20.46586826,75.00299401,594641
2023,48,桃園市,48.88822355,1.811009174,0.34644,36.31121121,32.71126761,,,,,52381,7172,3348,20.00139721,79.19161677,2338648
2023,48,澎湖縣,55.23353293,0.58502994,0.206826347,51.45329341,29.22289157,,,,,2033,93,73,22.78622754,71.82035928,107901
2023,48,臺中市,49.35728543,1.408542714,0.315785786,32.6007992,30.26004016,,,,,72762,14344,9158,22.02155689,73.67664671,2860601
2023,48,臺北市,50.63558597,0.977182368,0.377407407,33.49190353,30.43864469,,,,,60581,9699,5448,19.5005988,79.04704876,2490869
2023,48,臺南市,70.7257485,1.578580171,0.362876053,31.27833935,48.70240964,,,,,37783,7225,4567,22.76676647,71.82634731,1858651
2023,48,臺東縣,35.64371257,0.715963855,0.212960725,36.75045045,24.1746988,,,,,4196,871,421,21.98592814,67.3502994,210219
2023,48,花蓮縣,39.19760479,0.857317073,0.261768293,36.63192771,24.47590361,,,,,6406,1255,727,21.77125749,71.5508982,315374
2023,48,苗栗縣,41.4510978,1.585341365,0.271503006,34.07424547,22.84538153,,,,,15392,1567,829,20.18383234,77.65469062,532854
2023,48,連江縣,67.99401198,1.206626506,0.292848101,48.85636364,42.07926829,,,,,110,30,25,17.60598802,63.50299401,13950
2023,48,金門縣,80.7245509,1.928125,0.365375,44.13207547,52.0060241,,,,,2279,54,43,19.32710843,65.84939759,143601
2023,48,雲林縣,60.49550898,1.672699849,0.2913273,36.65112782,46.22256098,,,,,18714,2084,1392,22.29006986,76.8243513,658427
2023,48,高雄市,81.60617227,2.203467406,0.44420591,34.42859779,56.17857143,,,,,66186,7289,3644,24.21147705,71.88073852,2731412
2023,49,南投縣,54.00199601,1.038306452,0.33694165,19.38752515,29.02811245,,,,,11242,1397,951,20.79361277,82.38922156,472299
2023,49,嘉義市,66.71856287,2.221341463,0.382228916,26.93614458,40.42771084,,,,,6819,957,508,21.92694611,73.92814371,262177
2023,49,嘉義縣,64.23053892,2.144277108,0.340692771,32.21385542,46.63554217,,,,,10743,1025,595,21.5991018,76.57784431,478786
2023,49,基隆市,46.7005988,0.884415584,0.426707317,28.43454545,22.42771084,,,,,7515,1186,796,19.37065868,87.4251497,361441
2023,49,宜蘭縣,35.1257485,0.882121212,0.298882175,28.25060606,23.15555556,,,,,11946,2276,1490,20.07754491,86.83532934,449212
2023,49,屏東縣,64.05868263,1.477871826,0.300772947,37.74499397,36.71618357,,,,,17530,2780,1513,23.62075848,72.02994012,789239
2023,49,彰化縣,57.95568862,1.589925373,0.384957369,30.60831296,40.97934386,,,,,28330,3691,2298,21.29321357,80.72355289,1225675
2023,49,新北市,51.77153386,0.988412624,0.497732775,28.90889199,28.42166434,,,,,102809,12934,5202,19.94171657,83.7436037,4047001
2023,49,新竹市,53.37724551,1.223170732,0.422560976,28.7925,25.48795181,,,,,9106,2844,1447,20.29515152,84.81325301,457242
2023,49,新竹縣,52.07784431,0.934337349,0.324096386,29.33957704,25.78313253,,,,,15634,2288,1158,19.34790419,85.88622754,594641
2023,49,桃園市,55.9510978,1.365813715,0.463340122,29.93026316,30.73636364,,,,,49708,7280,3097,19.37906188,84.89580838,2338648
2023,49,澎湖縣,53.54491018,0.601807229,0.229937888,51.17349398,20.01818182,,,,,1815,82,66,22.42874251,71.89820359,107901
2023,49,臺中市,49.07085828,1.378980892,0.364159574,26.87642105,29.35226078,,,,,69453,13554,8393,21.06718563,79.64730539,2860601
2023,49,臺北市,54.12318221,1.128349179,0.536669535,27.33551724,27.72110092,,,,,57127,9313,5089,19.29269461,83.07299686,2490869
2023,49,臺南市,63.70898204,1.807055961,0.351654501,30.58620269,41.59541063,,,,,37019,6983,4492,22.45414172,72.64371257,1858651
2023,49,臺東縣,29.37724551,0.639939024,0.226838906,28.50363636,16.21752266,,,,,3976,828,409,21.78293413,75.55389222,210219
2023,49,花蓮縣,34.21556886,0.987349398,0.297891566,29.09277108,21.21686747,,,,,5879,1102,688,21.31736527,80.01197605,315374
2023,49,苗栗縣,42.05788423,1.649392713,0.324259635,29.21934827,24.52929293,,,,,14255,1529,808,19.42714571,84.33532934,532854
2023,49,連江縣,57.2754491,1.814457831,0.402590361,41.14424242,33.34939759,,,,,85,8,7,16.57125749,70.14371257,13950
2023,49,金門縣,79.20958084,2.275301205,0.419759036,35.2597561,48.77108434,,,,,2368,70,42,18.39161677,69.95808383,143601
2023,49,雲林縣,65.20508982,1.742081448,0.331671687,33.50889894,43.87198795,,,,,17481,1869,1282,21.63158683,80.69760479,658427
2023,49,高雄市,66.76692768,1.951834649,0.434229341,29.27994416,41.23875753,,,,,64898,6878,3405,23.75055797,70.94901107,2731412
2023,50,南投縣,54.64071856,1.12004008,0.36556,24.6524,30.53614458,,,,,11177,1458,950,23.37345309,75.62674651,472299
2023,50,嘉義市,77.13173653,2.944512195,0.435878788,25.47962963,50.27439024,,,,,6748,924,450,24.2373494,73.05421687,262177
2023,50,嘉義縣,77.75748503,2.163746224,0.363323263,27.45347432,57.06024096,,,,,10557,961,530,23.66706587,79.49101796,478786
2023,50,基隆市,36.41317365,1.209589041,0.462108434,20.51686747,15.46987952,,,,,7392,1019,594,21.15568862,87.49700599,361441
2023,50,宜蘭縣,26.2994012,0.712933754,0.331183801,22.82044025,13.9235474,,,,,11642,2419,1456,21.94790419,85.29041916,449212
2023,50,屏東縣,66.93652695,1.224606061,0.309842995,37.90668287,38.71411192,,,,,17101,2642,1407,24.9491018,74.78043912,789239
2023,50,彰化縣,60.04071856,1.775757576,0.392874396,26.13502415,42.23913043,,,,,27560,3551,2077,23.44525948,83.54141717,1225675
2023,50,新北市,42.78709677,1.050305308,0.541500695,21.4987013,21.16065574,,,,,106455,14962,5409,22.09979435,82.57496522,4047001
2023,50,新竹市,50.62275449,0.991566265,0.441017964,22.79760479,21.25454545,,,,,9178,3093,1429,22.51736527,84.16167665,457242
2023,50,新竹縣,48.39520958,0.914769231,0.348858025,23.73881988,20.25075529,,,,,16281,2497,1156,21.71257485,82.74850299,594641
2023,50,桃園市,52.0748503,1.305840164,0.512789047,21.87777778,25.10344828,,,,,51050,8577,3345,21.58766467,86.36806387,2338648
2023,50,澎湖縣,42.28143713,0.467272727,0.262771084,40.99156627,20.23636364,,,,,1918,75,54,23.71807229,78.51807229,107901
2023,50,臺中市,49.49301397,1.339959839,0.384724725,23.52294589,28.14486922,,,,,67203,14039,8092,23.69640719,77.08622754,2860601
2023,50,臺北市,41.99828767,1.027462947,0.545456897,20.41845754,15.52763385,,,,,58732,10600,5486,21.68101796,78.07670374,2490869
2023,50,臺南市,79.37889688,1.915206813,0.390386473,28.45880923,54.07515152,,,,,35111,6831,4314,24.36002994,76.79640719,1858651
2023,50,臺東縣,23.55389222,0.728528529,0.230479042,22.26586826,13.63030303,,,,,3760,800,401,23.18383234,80.23652695,210219
2023,50,花蓮縣,23.17964072,0.714375,0.278198758,22.383125,14.72289157,,,,,5508,1106,669,23.06107784,79.26347305,315374
2023,50,苗栗縣,38.53493014,1.543991853,0.34148,24.89739479,21.47782258,,,,,13855,1828,919,21.81097804,82.33932136,532854
2023,50,連江縣,59.48502994,1.273053892,0.449878788,31.50359281,29.78787879,,,,,76,8,8,17.56167665,78.58083832,13950
2023,50,金門縣,82.17365269,1.756886228,0.472754491,31.29221557,43.37951807,,,,,2129,52,33,20.11497006,76.43712575,143601
2023,50,雲林縣,70.58982036,1.71301059,0.354909639,29.1619697,50.79115854,,,,,16848,1833,1285,23.92240519,80.83682635,658427
2023,50,高雄市,86.71441732,2.088268156,0.490306407,32.41885741,57.14955876,,,,,61524,6940,3107,25.51811377,76.59131737,2731412
2023,51,南投縣,41.89421158,1.077867203,0.361967871,20.13460765,23.02016129,,,,,10871,1486,933,16.98273453,76.98103792,472299
2023,51,嘉義市,43.50898204,2.382424242,0.365090909,21.14329268,30.90963855,,,,,7105,1043,472,17.39221557,68.34131737,262177
2023,51,嘉義縣,44.4760479,1.950759878,0.286238532,27.79325153,35.35542169,,,,,10757,1081,554,16.90958084,69.53892216,478786
2023,51,基隆市,36.30538922,1.710897436,0.28056962,31.73057325,17.37735849,,,,,7342,1046,676,15.03,85.1375,361441
2023,51,宜蘭縣,26.31137725,0.796307692,0.259446154,26.53006135,9.370481928,,,,,11317,2560,1491,15.20179641,86.77844311,449212
2023,51,屏東縣,59.11377246,1.691119221,0.357606318,28.08710462,34.56082725,,,,,17150,2554,1285,19.76946108,71.3493014,789239
2023,51,彰化縣,34.81437126,1.441646489,0.285349398,27.63022975,26.74939759,,,,,27800,3406,1894,16.82035928,75.02095808,1225675
2023,51,新北市,38.80515891,0.942157795,0.348902326,26.81601124,20.68062088,,,,,110580,15785,5102,15.04988205,81.89727817,4047001
2023,51,新竹市,37.73053892,1.206329114,0.31325,29.94402516,16.45783133,,,,,9343,3003,1294,15.55568862,82.07784431,457242
2023,51,新竹縣,36.76047904,0.811818182,0.246253776,30.56012085,15.33433735,,,,,16899,2441,1023,14.79221557,81.94011976,594641
2023,51,桃園市,38.44610778,1.180040733,0.325819095,26.31826438,19.47035176,,,,,53733,8497,3313,14.40656687,84.5257485,2338648
2023,51,澎湖縣,37.8742515,0.582716049,0.222839506,37.34099379,17.81097561,,,,,1974,62,48,18.01257485,73.24550898,107901
2023,51,臺中市,34.42315369,1.273038229,0.278743719,27.65856855,18.73995984,,,,,68902,13835,7844,16.50826347,73.68982036,2860601
2023,51,臺北市,39.0641574,0.97761324,0.363908542,25.19016393,15.48791019,,,,,61310,10483,4990,14.25219561,80.12318221,2490869
2023,51,臺南市,48.65628743,1.585958486,0.333022975,23.49685611,33.1668682,,,,,35518,6626,4055,17.64780439,70.69461078,1858651
2023,51,臺東縣,26.34730539,0.676204819,0.248253012,28.12054381,13.73939394,,,,,4114,934,412,18.06467066,68.26347305,210219
2023,51,花蓮縣,26.97005988,0.792771084,0.277168675,29.05987654,15.31410256,,,,,5548,1136,676,18.23353293,69.85628743,315374
2023,51,苗栗縣,30.69660679,1.400808081,0.254430894,29.75151515,15.59236948,,,,,13976,1541,761,14.78922156,79.16966068,532854
2023,51,連江縣,55.23353293,0.920245399,0.269,34.92242424,29.76506024,,,,,84,16,12,9.486227545,62.89221557,13950
2023,51,金門縣,56.47904192,1.736969697,0.357757576,28.36242424,34.51204819,,,,,2079,69,38,12.44191617,61.49101796,143601
2023,51,雲林縣,43.25,1.765898618,0.309878788,27.28386606,33.77945619,,,,,17148,1804,1208,16.86062874,71.69760479,658427
2023,51,高雄市,58.81391064,1.751214953,0.449911381,19.79115996,39.16285581,,,,,63379,6771,2965,19.24186627,72.20858283,2731412
2023,52,南投縣,55.13572854,1.096993988,0.357068273,18.23592814,30.861167,,,,,12937,1725,908,18.1491018,80.65469062,472299
2023,52,嘉義市,64.71856287,1.947904192,0.390359281,20.82335329,46.01807229,,,,,8419,1293,510,18.42694611,77.9760479,262177
2023,52,嘉義縣,62.1257485,2.114670659,0.283633634,29.42904192,44.22891566,,,,,13358,1028,467,18.2748503,80.33233533,478786
2023,52,基隆市,42.91017964,2.064242424,0.366886228,26.82754491,23.09036145,,,,,9098,1257,715,17.6760479,82.76047904,361441
2023,52,宜蘭縣,31.71556886,0.788888889,0.260449102,25.92185629,18.20180723,,,,,14327,2935,1584,18.11257485,85.06586826,449212
2023,52,屏東縣,66.31017964,1.687787183,0.301652593,30.95733173,40.28899637,,,,,21398,3156,1498,21.10479042,70.79840319,789239
2023,52,彰化縣,51.61916168,1.524268293,0.31145959,28.9566787,38.91646192,,,,,33543,4384,2228,18.62974052,80.1761477,1225675
2023,52,新北市,44.56886228,0.938532962,0.409880074,27.51563981,28.26459685,,,,,133361,20030,5766,18.09311377,79.08219924,4047001
2023,52,新竹市,51.66467066,1.432934132,0.367365269,28.56706587,27.53012048,,,,,11797,4255,1328,17.93712575,84.54491018,457242
2023,52,新竹縣,48.51497006,0.905151515,0.268757576,29.70273556,25.36746988,,,,,19787,3222,1067,17.24640719,83.1257485,594641
2023,52,桃園市,47.84331337,1.354673367,0.375491388,28.49291498,30.81488934,,,,,64271,11273,3562,17.37678643,80.81137725,2338648
2023,52,澎湖縣,47.28143713,0.479640719,0.206946108,46.57065868,25.89156627,,,,,2620,78,54,18.93592814,76.31736527,107901
2023,52,臺中市,52.35329341,1.355210421,0.32443,25.8136,30.18473896,,,,,81266,17316,9419,18.25353293,79.95808383,2860601
2023,52,臺北市,46.4063302,1.148487468,0.438861301,25.96546392,24.45768566,,,,,73679,13289,5600,17.47065868,77.78272027,2490869
2023,52,臺南市,67.66586826,1.412969697,0.335162065,23.71884754,46.91183575,,,,,43540,8076,4660,18.67874251,80.73652695,1858651
2023,52,臺東縣,28.13772455,0.703343465,0.205419162,27.67784431,17.1686747,,,,,5411,1110,461,19.52664671,70.89520958,210219
2023,52,花蓮縣,31.88622754,0.722424242,0.310432099,25.59636364,16.21088435,,,,,7020,1336,737,19.46545455,74.95151515,315374
2023,52,苗栗縣,44.62674651,1.507429719,0.289738956,27.63106212,27.91146881,,,,,17277,1811,752,16.87225549,83.1497006,532854
2023,52,連江縣,70.07784431,1.58502994,0.317125749,47.06287425,41.18674699,,,,,84,15,7,13.37005988,62.74850299,13950
2023,52,金門縣,81.34131737,2.676047904,0.369700599,39.20421687,52.04819277,,,,,2916,165,61,15.57784431,61.39520958,143601
2023,52,雲林縣,58.06437126,1.571775417,0.297642643,30.82033133,41.99375,,,,,19883,1945,1281,18.52260479,81.66367265,658427
2023,52,高雄市,80.1096269,1.946691519,0.455663099,20.0098085,51.8997669,,,,,79092,8875,3385,20.32155689,75.56786427,2731412
